sitzung,titel
200, Eröffnung der Jubiläumssitzung (200. StuRa-Sitzung)
200, Persönliche Stellungnahme
200, Beschluss der Tagesordnung
200," TOP ,,Die Befreiung vom Faschismus verwirklichen: 8. Mai zum antifaschistischen Feiertag"" vorziehen hinter die Kandidaturen zum Vorsitz"
200, Vorsitzkandidatur und -wahl direkt nach Beschluss der Tagesordnung
200," TOP ,,Einrichtung des autonomen Anti-Antisemitismusreferats"" nach den Vorsitzkandidaturen"
200, Kandidatur für den Vorsitz der Verfassten Studierendenschaft (weiblich)
200, Kandidatur für den Vorsitz der Verfassten Studierendenschaft (weiblich)
200, Kandidatur für den Vorsitz der Verfassten Studierendenschaft (männlich)
200, Kandidatur für den Vorsitz der Verfassten Studierendenschaft (männlich)
200, Kandidatur für den Vorsitz der Verfassten Studierendenschaft (männlich)
200, Einrichtung des autonomen Anti-Antisemitismusreferats
200, Die Befreiung vom Faschismus verwirklichen: 8. Mai zum antifaschistischen Feiertag
200, Änderungsantrag: Die Befreiung vom Faschismus verwirklichen: 8. Mai zum antifaschistischen Feiertag
200, Persönliche Erklärung
200, Bekanntgabe der Wahlergebnisse
200, Persönliche Erklärung
200, Beschluss des Protokolls der 197. Sitzung
200, Beschluss des Protokolls der 198. Sitzung
200, Beschluss des Protokolls der 199. Sitzung
200, Termin: Interdisziplinäres Running Dinner am 12.06.
200, Termin: Besuch der Rektorin am 15.07.
200, Bericht 22.04.2025
200, Kandidatur für das Referat für Kultur und Sport
200, Nikolai Glasow
200, Florian Gottscheber
200, Kandidatur für das Finanzreferat
200, Kandidatur für das Innenreferat
200, Alexandre Métivier
200, Stefan Behrens
200, Kandidatur für das Referat für Politische Bildung
200, Kandidatur für das Referat für IT und Infrastruktur
200, Jakob Sinn
200, Benjamin Hellinger
200, Kandidaturen für das AI-Board
200, Colin Fyock
200, Tobias Thaller
200, Jan Best
200, Anton Fortuin
200, Yagmur Yüzak
200, Simon Tebeck
200, Marius Baumann
200, Kandidatur für den Notlagenausschuss
200, Kandidatur für das QSM-Referat
200, Grußworte der Rektorin (Verlesen am Ende der Sitzung)
200, Bericht des Vorsitzes
200, Bericht des Verkehrsreferats
200, 1. Bericht des autonomen Enthinderungsreferats im Sommersemester 2025
200, Bericht: Christine Daiß (Queerreferat)
200," Wer wählt, der zählt! Positionierung für sich selbst"
200, „Mitgliedschaft im Bundesverband Promovierende e.V.“
200, Cooler Merch für die VS
200, Änderungsantrag zu Cooler Merch für die VS: der exekutive Cockblock
200, Aufnehmen von Lecktüchern in den Änderungsantrag
200, Antragsänderung Cooler Merch für die VS: Der StuRa rettet Leben
200, Kondome zu Samen! (zusamen)
200, Studierendenrat fordert konsequente Mülltrennung an der Universität
200, Studierendenrat fordert finanzielle Mittel für nachhaltige Sanierung von Uni-Gebäuden
200, Änderungsantrag zum Antrag „Studierendenrat fordert finanzielle Mittel für nachhaltige Sanierung von Uni Gebäuden“
200, Studierendenrat fordert 100% erneuerbar erzeugten Strom an der Universität
200, Studierendenrat fordert Interimslösung für den Marstall
200, Gründung AK Im Neuenheimer Feld
200, Änderungsantrag zum Antrag „Gründung AK Im Neuenheimer Feld“
200, Gründung eines Nachhaltigkeitsnetzwerk
200, Forderung nach einem Green Offices
200, Transparenz zur Nachhaltigkeitsstrategie
200, Der Studierendenrat fordert einen Boykott der Coca-Cola Company
200, Zum Sozialismus! Zur Koka Kola Freiheit!
200, Mehr Fahrradstellplätze
200, Ausweitung der Leistungen des Studierendenwerks
200, Stoppt die massive Preiserhöhung beim Cappuccino!
200, Positionierung: Stärkung von pflanzlicher Verpflegung an der Universität
200, Positionierung: Unterstützung des langfristigen Ziels rein pflanzlicher Verpflegung an der Universität Heidelberg
200, Positionierung: Forderung einer inklusiveren Mensa
200, Positionierung: Unterstützung Campusradio „radioaktiv“
200, Dringlichkeit
200, Positionierung: Wiederaufnahme der Probe-Flatrate mit dem Taeter-Theater
200, „Raumnot bei den Colis (und vielleicht auch bei euch)“
200, Kritik an der Exekutive / zentralen VS
200, Diskussion Causa Lemmermeyer
200, Änderung / Neufassung der Satzung der Studienfachschaft Medizin Mannheim der Universität Heidelberg
200, „Für geordnete Arbeitsverhältnisse in der VS“
200," Änderungsanträge zulassen, inhaltliche Arbeit  ermöglichen!"
200, „Rechtssicherheit für Beitragsänderungen“
200, Neue Amtszeiten für den Vorsitz
200, Satzungsänderung: Bewirtungsfaschorichtlinie
200, Satzungsänderung: Konstruktive Debatten im StuRa zulassen
200, Satzungsänderung: Satzung der Studienfachschaft Mathematik
200, Satzungsänderung: Satzung der Studienfachschaft Informatik
200, Satzungsänderung: Satzung der Studienfachschaft Physik
200, Satzungsänderung: CVE 1 (Wahlordnung)
200, Mitgliedschaft im Förderverein der Landesstudierendenvertretung Baden-Württemberg e.V.
200, Wurftraining für StuRa-Mitglieder
200, Institutionalisierung von AKs und AGs
201, Eröffnung der 201. StuRa-Sitzung
201, Beschluss der Tagesordnung
201," TOPs ,,Verabschiedung seiner hochwohlgeborenen Durchlauchtheit Herrn El Presidente Johannes Knop I."" und ,,Termin: Besuch der Rektorin am 15.07."" hinter Kandidaturen"
201," TOPS Satzungsänderungen der Fachschaften Informatik, Physik, Mathematik hinter Kandidaturen"
201," TOP ,,Änderung / Neufassung der Satzung der Studienfachschaft Medizin  Mannheim der Universität Heidelberg"" nach Kandidaturen"
201," Gesamter TOP ,,Satzungen und Ordnungen"" nach Kandidaturen und Fachschaftsanträge dabei zuerst"
201, Inhaltliche Positionierungen vor Termine
201, TO von hinten nach vorne abarbeiten
201," Streichung ,,eure Durchlauchtheit"" aus Titel von ,,Verabschiedung seiner hochwohlgeborenen Durchlauchtheit Herrn  El Presidente Johannes Knop I."""
201, Beschluss des Protokolls der 199. Sitzung
201, Psychoball
201, StuRa Taskforce
201, Bericht des Vorsitzes
201, Bericht des Verkehrsreferats
201, Bericht des autonomen Enthinderungsreferats im Sommersemester 2025
201, Bericht: Christine Daiß (Queerreferat)
201, Bericht: Vorsitzende der Verfassten Studierendenschaft
201, Kandidatur für das Referat für IT und Infrastruktur
201, Kandidatur von Theodora Goia für Das Präsidium
201," Kandidatur für das Inter*, Trans*, Frauen und Non- Binary Referat"
201, Kandidaturen für das QSM-Referat
201, Kandidatur für das QSM-Referat
201, Kandidatur für das QSM-Referat
201, Kandidatur für das QSM-Referat
201, Kandidatur für den Senat
201, Kandidatur als stellvertretendes Mitglied der Vertretungsversammlung des StuWe
201, Kandidatur für den Notlagenausschuss
201, Kandidaturen für das AI-Board
201, Colin Fyock
201, Tobias Thaller
201, Jan Best
201, Anton Fortuin
201, Yagmur Yüzak
201, Simon Tebeck
201, Marius Baumann
201, Verabschiedung seiner hochwohlgeborenen Durchlauchtheit Herrn El Presidente Johannes Knop I.
201, Termin: Besuch der Rektorin am 15.07.
201, Änderung / Neufassung der Satzung der Studienfachschaft Medizin Mannheim der Universität Heidelberg
201, Satzungsänderung: Satzung der Studienfachschaft Mathematik
201, Satzungsänderung: Satzung der Studienfachschaft Physik
201, Satzungsänderung: Satzung der Studienfachschaft Informatik
201, „Für geordnete Arbeitsverhältnisse in der VS“
201," Änderungsanträge zulassen, inhaltliche Arbeit  ermöglichen!"
201, „Rechtssicherheit für Beitragsänderungen“
201, Neue Amtszeiten für den Vorsitz
201, Satzungsänderung: Bewirtungsfaschorichtlinie
201, Satzungsänderung: Konstruktive Debatten im StuRa zulassen
201, Satzungsänderung: CVE 1 (Wahlordnung)
201, Satzungsänderung: Geschäftsordnung des Studierendenrats
201, Änderungsantrag: Geschäftsordnungsänderung des Präsidiums
201," Wer wählt, der zählt! Positionierung für sich selbst"
201," Änderungsantrag: Wer wählt, der zählt! Positionierung für sich selbst"
201, „Mitgliedschaft im Bundesverband Promovierende e.V.“
201, Cooler Merch für die VS
201, Änderungsantrag zu Cooler Merch für die VS: der exekutive Cockblock
201, Aufnehmen von Lecktüchern in den Änderungsantrag
201, Antragsänderung Cooler Merch für die VS: Der StuRa rettet Leben
201, Kondome zu Samen! (zusamen)
201, Studierendenrat fordert konsequente Mülltrennung an der Universität
201, Studierendenrat fordert finanzielle Mittel für nachhaltige Sanierung von Uni-Gebäuden
201, Änderungsantrag zum Antrag „Studierendenrat fordert finanzielle Mittel für nachhaltige Sanierung von Uni Gebäuden“
201, Studierendenrat fordert 100% erneuerbar erzeugten Strom an der Universität
201, Studierendenrat fordert Interimslösung für den Marstall
201, Gründung AK Im Neuenheimer Feld
201, Änderungsantrag zum Antrag „Gründung AK Im Neuenheimer Feld“
201, Gründung eines Nachhaltigkeitsnetzwerk
201, Forderung nach einem Green Offices
201, Transparenz zur Nachhaltigkeitsstrategie
201, Der Studierendenrat fordert einen Boykott der Coca-Cola Company
201, Zum Sozialismus! Zur Koka Kola Freiheit!
201, Mehr Fahrradstellplätze
201, Ausweitung der Leistungen des Studierendenwerks
201, Stoppt die massive Preiserhöhung beim Cappuccino!
201, Wiederaufnahme der Probe-Flatrate mit dem Taeter-Theater
201, Positionierung: Stärkung von pflanzlicher Verpflegung an der Universität
201, Positionierung: Unterstützung des langfristigen Ziels rein pflanzlicher Verpflegung an der Universität Heidelberg
201, Positionierung: Forderung einer inklusiveren Mensa
201, Positionierung: Unterstützung Campusradio „radioaktiv“
201, Dringlichkeit
201, Positionierung: Verbot von zu heißem Verkehr
201, Positionierung: MLP aus dem TeM(L)Pel schmeißen!
201, Positionierung: Mehr Feld in die Feldmensa
201, „Raumnot bei den Colis (und vielleicht auch bei euch)“
201, Kritik an der Exekutive / zentralen VS
201, Diskussion Causa Lemmermeyer
201, Mitgliedschaft im Förderverein der Landesstudierendenvertretung Baden-Württemberg e.V.
201, Wurftraining für StuRa-Mitglieder
201, Institutionalisierung von AKs und AGs
202, Eröffnung der 202. StuRa-Sitzung
202, Stimmungbild zu Wohnheimen
202, Beschluss der Tagesordnung
202," Aufnahme von TOP 10.2: Antrag zur “Unterstützung Disco Ergo Sum (Party der Fachschaften der Philosophischen Fakultät und Anglistik)”"""
202, Vorziehen des Top 10.2 Antrag zur “Unterstützung Disco Ergo Sum (Party der Fachschaften der Philosophischen Fakultät und Anglistik)”
202, TOPs 7.17 und 7.18 zusammen vorstellen
202," TOP ""Wiederaufnahme der Probe-Flatrate mit dem Taeter-Theater"" vor Berichte"
202, Sonstiger Antrag: Termin(e): KI und Ethik - Interdisziplinäre Vortragsreihe
202, Sonstiger Antrag: Hygieneprodukte & -spender an der Universität Heidelberg
202, Änderungsantrag zum Antrag “Unterstützung Disco Ergo Sum (Party der Fachschaften der Philosophischen Fakultät und Anglistik)”
202, Mitgliedschaft im Förderverein der Landesstudierendenvertretung Baden-Württemberg e.V.
202, Wiederaufnahme der Probe-Flatrate mit dem Taeter-Theater
202, Bericht des autonomen Enthinderungsreferats im Sommersemester 2025
202, Bericht der Wahlkommission
202, Bericht des Vorsitzes
202, Kandidatur für das Kultur- und Sportreferat
202, Kandidatur von Theodora Goia für Das Präsidium
202, Kandidaturen für das AI-Board
202, Colin Fyock
202, Tobias Thaller
202, Jan Best
202, Anton Fortuin
202, Yagmur Yüzak
202, Simon Tebeck
202," Kandidatur für das Inter*, Trans*, Frauen und Non- Binary Referat"
202, Kandidatur für den Senat
202, Kandidatur als stellvertretendes Mitglied der Vertretungsversammlung des StuWe
202, Kandidaturen für das QSM-Referat
202, Kandidatur für das QSM-Referat
202, Kandidatur für das QSM-Referat
202, Kandidatur für das QSM-Referat
202, Kandidatur für den Notlagenausschuss
202, Stimmungsbild zu den Themen die wir mit der Rektorin besprechen möchten
202, Satzungsänderung: Satzung der Studienfachschaft Mathematik
202, Änderungsantrag: Satzungsänderung: Satzung der Studienfachschaft Mathematik
202, Satzungsänderung: Satzung der Studienfachschaft Informatik
202, Änderungsantrag: Satzungsänderung: Satzung der Studienfachschaft Informatik
202, Satzungsänderung: Satzung der Studienfachschaft Physik
202, Änderungsantrag: Satzungsänderung: Satzung der Studienfachschaft Physik
202, Änderung / Neufassung der Satzung der Studienfachschaft Medizin Mannheim der Universität Heidelberg
202, „Für geordnete Arbeitsverhältnisse in der VS“
202," Änderungsanträge zulassen, inhaltliche Arbeit  ermöglichen!"
202, „Rechtssicherheit für Beitragsänderungen“
202, Neue Amtszeiten für den Vorsitz
202, Änderungsantrag: Neue Amtszeiten für den Vorsitz
202, Satzungsänderung: Konstruktive Debatten im StuRa zulassen
202, Satzungsänderung: CVE 1 (Wahlordnung)
202, Satzungsänderung: Bewirtungsfaschorichtlinie
202, Satzungsänderung: Geschäftsordnung des Studierendenrats
202, Änderungsantrag: Geschäftsordnungsänderung des Präsidiums
202, Positionierung: Unterstützung Campusradio „radioaktiv“
202, Dringlichkeit
202," Wer wählt, der zählt! Positionierung für sich selbst"
202," Änderungsantrag: Wer wählt, der zählt! Positionierung für sich selbst"
202, „Mitgliedschaft im Bundesverband Promovierende e.V.“
202, Cooler Merch für die VS
202, Änderungsantrag zu Cooler Merch für die VS: der exekutive Cockblock
202, Aufnehmen von Lecktüchern in den Änderungsantrag
202, Antragsänderung Cooler Merch für die VS: Der StuRa rettet Leben
202, Kondome zu Samen! (zusamen)
202, Studierendenrat fordert konsequente Mülltrennung an der Universität
202, Studierendenrat fordert finanzielle Mittel für nachhaltige Sanierung von Uni-Gebäuden
202, Änderungsantrag zum Antrag „Studierendenrat fordert finanzielle Mittel für nachhaltige Sanierung von Uni Gebäuden“
202, Studierendenrat fordert Interimslösung für den Marstall
202, Gründung AK Im Neuenheimer Feld
202, Änderungsantrag zum Antrag „Gründung AK Im Neuenheimer Feld“
202, Gründung eines Nachhaltigkeitsnetzwerk
202, Forderung nach einem Green Offices
202, Transparenz zur Nachhaltigkeitsstrategie
202, Der Studierendenrat fordert einen Boykott der Coca-Cola Company
202, Zum Sozialismus! Zur Koka Kola Freiheit!
202, Mehr Fahrradstellplätze
202, Stoppt die massive Preiserhöhung beim Cappuccino!
202, Ausweitung der Leistungen des Studierendenwerks
202, Positionierung: Stärkung von pflanzlicher Verpflegung an der Universität
202, Positionierung: Unterstützung des langfristigen Ziels rein pflanzlicher Verpflegung an der Universität Heidelberg
202, Positionierung: Forderung einer inklusiveren Mensa
202, Positionierung: Verbot von zu heißem Verkehr
202, Positionierung: MLP aus dem TeM(L)Pel schmeißen!
202, Positionierung: Mehr Feld in die Feldmensa
202, Positionierung: Aufhebung des Beschlusses „Positionierung des StuRa zur Zivilklausel“ vom 03.07.2018
202, Änderungsantrag: Aufhebung des Beschlusses „Positionierung des StuRa zur Zivilklausel“ vom 03.07.2018
202," Änderungsantrag: Aufhebung des Beschlusses ""Positionierung des StuRa zur Zivilklausel"" vom 03.07.2018"
202, Positionierung: Bar an den Pool statt auf/an dem Trockenen zu sitzen
202, „Raumnot bei den Colis (und vielleicht auch bei euch)“
202, Kritik an der Exekutive / zentralen VS
202, Diskussion Causa Lemmermeyer
202, Wurftraining für StuRa-Mitglieder
202, Institutionalisierung von AKs und AGs
203, Eröffnung der 203. StuRa-Sitzung
203," Antrag auf Aufnahme des Antrags ""Einrichtung einer Probe-Flatrate mit dem Völkerkundemuseum“ und ""Einrichtung einer Probe-Flatrate mit dem Kurpfälzischen Museum""der Tagesordnung"
203," Vorziehen der TOPs ""Einrichtung einer Probe-Flatrate mit dem Kurpfälzischen Museum/Völkerkundemuseum"""
203," Verschieben von ""Hygieneproduktespender und Afterparty running Dinner"" ans Ende der Finanzanträge in einer Lesung"
203," Vorziehen des TOPs ""Positionierung: Ja zur LaStuVe BaWü II"" vor die Finanzanträge"
203, Beschluss der Tagesordnung
203, Einrichtung einer Probe-Flatrate mit dem Kurpfälzischen Museum
203, Einrichtung einer Probe-Flatrate mit dem Völkerkundemuseum
203, Beschluss des Protokolls der 200. Sitzung
203, Beschluss des Protokolls der 201. Sitzung
203, Kostenlose Mietrechtsberatung
203, Sonstiger Antrag: Hygieneprodukte & -spender an der Universität Heidelberg
203, Kandidatur: Mitglied des StuWe-Verwaltungsrates
203, StuWe Verwaltungsrat
203, Positionierung: Ja zur LaStuVe BaWü II
203, Finanzierung der Trikots für das Winckelmann Cup-Team der Fachschaft KlArchoByz
203, Der Arbeitskreis „First Aid for All“ beantragt für die Anschaffung eines Fahrradanhängers die finanzielle Unterstützung
203, Antrag auf Kostenübernahme zur Bewerbung der Sturawahlen
203, Antrag auf Kostenübernahme der Zusammenarbeit mit dem Bündnis Widersetzten
203, Finanzierung des Vereinsausflug an die Kunsthalle Mannheim mit Führung und anschließendem Essen.
203, Finanzierung des Vortrags „Wie geht man mit Raubkunst in der Praxis um?“
203, Soziologisches Klugscheißen! – Finanzierung des studentischen Magazins „4310“
203, Bergheim Bolzt finanzieren! - Damit gemeinsamer Fakultätssport mit Studierenden und Dozierenden möglich und für alle Studierenden zugänglich bleibt
203, Finanzierung der Afterparty des interdisziplinären running dinners am 12.06.
203, Hygieneproduktespender für die Campus-Bibliothek in Bergheim
203, Finanzierung des Juraball 2025
203, Antrag auf Dringlichkeit
203, Grundfinanzierung des JazzLab Heidelberg
203, Finanzierung der Veröffentlichung und Werbung für die dritte Ausgabe der Literaturzeitschrift „Litter“ des Fachbereichs Anglistik
203, Antrag auf eine (teilweise) Übernahme der Kosten für eine Tagung
203, Finanzielle Unterstützung für das coolste Rollenspielevent in Heidelberg – der Dungeon of the Day!
203, Kandidatur für das Kultur- und Sportreferat
203, Kandidatur für Das Präsidium
203, Kandidatur für das autonome Enthinderungsreferat
203, Kandidatur für das autonome Enthinderungsreferat
203, Kandidatur für das autonome Enthinderungsreferat
203, Kandidatur für das autonome Enthinderungsreferat
203, Kandidatur für die Wahlkommission
203, Bericht des Vorsitzes
203, Bericht vom stud. Mitglied im SAL
203, Bericht zur Lage des Fachrates Lehramt
203," Wer wählt, der zählt! Positionierung für sich selbst"
203," Änderungsantrag: Wer wählt, der zählt! Positionierung für sich selbst"
203, „Mitgliedschaft im Bundesverband Promovierende e.V.“
203, Cooler Merch für die VS
203, Änderungsantrag zu Cooler Merch für die VS: der exekutive Cockblock
203, Aufnehmen von Lecktüchern in den Änderungsantrag
203, Antragsänderung Cooler Merch für die VS: Der StuRa rettet Leben
203, Kondome zu Samen! (zusamen)
203, Studierendenrat fordert konsequente Mülltrennung an der Universität
203, Studierendenrat fordert finanzielle Mittel für nachhaltige Sanierung von Uni-Gebäuden
203, Änderungsantrag zum Antrag „Studierendenrat fordert finanzielle Mittel für nachhaltige Sanierung von Uni Gebäuden“
203, Studierendenrat fordert Interimslösung für den Marstall
203, Gründung AK Im Neuenheimer Feld
203, Änderungsantrag zum Antrag „Gründung AK Im Neuenheimer Feld“
203, Gründung eines Nachhaltigkeitsnetzwerk
203, Forderung nach einem Green Offices
203, Transparenz zur Nachhaltigkeitsstrategie
203, Der Studierendenrat fordert einen Boykott der Coca-Cola Company
203, Zum Sozialismus! Zur Koka Kola Freiheit!
203, Mehr Fahrradstellplätze
203, Stoppt die massive Preiserhöhung beim Cappuccino!
203, Ausweitung der Leistungen des Studierendenwerks
203, Positionierung: Stärkung von pflanzlicher Verpflegung an der Universität
203, Positionierung: Unterstützung des langfristigen Ziels rein pflanzlicher Verpflegung an der Universität Heidelberg
203, Positionierung: Forderung einer inklusiveren Mensa
203, Wiederaufnahme der Probe-Flatrate mit dem Taeter-Theater
203, Positionierung: Verbot von zu heißem Verkehr
203, Positionierung: MLP aus dem TeM(L)Pel schmeißen!
203, Änderungsantrag: MLP aus dem TeM(L)Pel schmeißen!
203, Positionierung: Mehr Feld in die Feldmensa
203, Positionierung: Aufhebung des Beschlusses „Positionierung des StuRa zur Zivilklausel“ vom 03.07.2018
203, Änderungsantrag: Aufhebung des Beschlusses „Positionierung des StuRa zur Zivilklausel“ vom 03.07.2018
203," Änderungsantrag: Aufhebung des Beschlusses ""Positionierung des StuRa zur Zivilklausel"" vom 03.07.2018"
203, Positionierung: Bar an den Pool statt auf/an dem Trockenen zu sitzen
203, Positionierung: Ja zur Zivilklausel! Nein zur Zivilklausel!
203," Positionierung: Männern, die Sexismus wagen, Mikros aus den Händen schlagen!"
203, Für den Umzug der VS
203, Satzungsänderung: Konstruktive Debatten im StuRa zulassen
203, Satzungsänderung: CVE 1 (Wahlordnung)
203, Satzungsänderung: Geschäftsordnung des Studierendenrats
203, Änderungsantrag: Geschäftsordnungsänderung des Präsidiums
203, Satzungsänderung: Bewirtungsfaschorichtlinie
203," Änderungsanträge zulassen, inhaltliche Arbeit  ermöglichen!"
203, „Rechtssicherheit für Beitragsänderungen“
203, Neue Amtszeiten für den Vorsitz
203, Änderungsantrag: Neue Amtszeiten für den Vorsitz
203, Änderungsantrag: Neue Amtszeiten für den Vorsitz
203, Satzungsänderung: Wahlordnung
203, Satzung zur Benennung der studentischen Mitglieder im Fachrat Lehramt
203, Kritik an der Exekutive / zentralen VS
203, Diskussion Causa Lemmermeyer
203, „Raumnot bei den Colis (und vielleicht auch bei euch)“
203, Wurftraining für StuRa-Mitglieder
203, Institutionalisierung von AKs und AGs
203, Verfahrensantrag für die Anträge im Senat
204, Eröffnung der 204. StuRa-Sitzung
204, Beschluss der Tagesordnung
204, Rundgang durch die Stura-Räume
204, Bericht des Vorsitzes
204, Für den Umzug der VS
204, „Raumnot bei den Colis (und vielleicht auch bei euch)“
204, Besuch der Rektorin
205, Eröffnung der 205. StuRa-Sitzung
205, Beschluss der Tagesordnung
205, Beschluss des Protokolls der 202. Sitzung
205, Beschluss des Protokolls der 203. Sitzung
205, Änderungsantrag: Änderung am Protokoll der 203. Sitzung des StuRa
205, Einrichtung einer Probe-Flatrate mit dem Kurpfälzischen Museum
205, Einrichtung einer Probe-Flatrate mit dem Völkerkundemuseum
205, [VORGEZOGEN] Wiederaufnahme der Probe-Flatrate mit dem Taeter-Theater
205, Finanzielle Unterstützung für das coolste Rollenspielevent in Heidelberg – der Dungeon of the Day!
205, Finanzierung der Veröffentlichung und Werbung für die dritte Ausgabe der Literaturzeitschrift „Litter“ des Fachbereichs Anglistik
205, Finanzierung des Vereinsausflug an die Kunsthalle Mannheim mit Führung und anschließendem Essen.
205, Finanzierung des Vortrags „Wie geht man mit Raubkunst in der Praxis um?“
205, Grundfinanzierung des JazzLab Heidelberg
205, Für den Umzug der VS 2
205, Sonstiger Antrag: Verfahrensantrag für die Anträge im Senat
205, Kandidatur für das Kultur- und Sportreferat
205, Kandidatur: Mitglied des StuWe-Verwaltung
205, Kandidatur: Mitglied des StuWe-Verwaltungsrates
205, Kandidatur: Mitglied des StuWe-Verwaltungsrates
205, Kandidatur für das autonome Enthinderung
205, Kandidatur für das autonome Enthinderungsreferat
205, Kandidatur für das autonome Enthinderungsreferat
205, Kandidatur für das autonome Enthinderungsreferat
205, Kandidatur für das autonome Enthinderungsreferat
205, Kandidatur: Stellvertretendes Mitglied des StuWe-Verwaltungsrates
205, Kandidatur für Das Präsidium
205, Kandidatur für die Wahlkommission
205, Bericht vom stud. Mitglied im SAL
205, Bericht zur Lage des Fachrates Lehramt
205, Bericht
205, Bericht: Referat für alle Angelegenheiten des Studierendenwerks
205, Bericht des Gremienreferats
205, Bericht: Vorsitz
205, Bericht
205, Satzungsänderung: Konstruktive Debatten im StuRa zulassen
205, Satzungsänderung: CVE 1 (Wahlordnung)
205, Satzungsänderung: Geschäftsordnung des Studierendenrats
205, Änderungsantrag: Geschäftsordnungsänderung des Präsidiums
205, Satzungsänderung: Bewirtungsfaschorichtlinie
205," Änderungsanträge zulassen, inhaltliche Arbeit  ermöglichen!"
205, „Rechtssicherheit für Beitragsänderungen“
205, Neue Amtszeiten für den Vorsitz
205, Änderungsantrag: Neue Amtszeiten für den Vorsitz
205, Änderungsantrag: Neue Amtszeiten für den Vorsitz
205, Satzungsänderung: Wahlordnung
205, Satzung zur Benennung der studentischen Mitglieder im Fachrat Lehramt
205, Neufassung der Satzung der Studienfachschaft Informatik
205, Neufassung der Satzung der Studienfachschaft Mathematik
205, Neufassung der Satzung der Studienfachschaft Physik
205," Wer wählt, der zählt! Positionierung für sich selbst"
205," Änderungsantrag: Wer wählt, der zählt! Positionierung für sich selbst"
205, „Mitgliedschaft im Bundesverband Promovierende e.V.“
205, Cooler Merch für die VS
205, Änderungsantrag zu Cooler Merch für die VS: der exekutive Cockblock
205, Aufnehmen von Lecktüchern in den Änderungsantrag
205, Antragsänderung Cooler Merch für die VS: Der StuRa rettet Leben
205, Kondome zu Samen! (zusamen)
205, Studierendenrat fordert konsequente Mülltrennung an der Universität
205, Studierendenrat fordert finanzielle Mittel für nachhaltige Sanierung von Uni-Gebäuden
205, Änderungsantrag zum Antrag „Studierendenrat fordert finanzielle Mittel für nachhaltige Sanierung von Uni Gebäuden“
205, Studierendenrat fordert Interimslösung für den Marstall
205, Gründung AK Im Neuenheimer Feld
205, Änderungsantrag zum Antrag „Gründung AK Im Neuenheimer Feld“
205, Gründung eines Nachhaltigkeitsnetzwerk
205, Forderung nach einem Green Offices
205, Transparenz zur Nachhaltigkeitsstrategie
205, Der Studierendenrat fordert einen Boykott der Coca-Cola Company
205, Zum Sozialismus! Zur Koka Kola Freiheit!
205, Mehr Fahrradstellplätze
205, Stoppt die massive Preiserhöhung beim Cappuccino!
205, Ausweitung der Leistungen des Studierendenwerks
205, Positionierung: Stärkung von pflanzlicher Verpflegung an der Universität
205, Positionierung: Unterstützung des langfristigen Ziels rein pflanzlicher Verpflegung an der Universität Heidelberg
205, Positionierung: Forderung einer inklusiveren Mensa
205, Positionierung: Verbot von zu heißem Verkehr
205, Positionierung: MLP aus dem TeM(L)Pel schmeißen!
205, Änderungsantrag: MLP aus dem TeM(L)Pel schmeißen!
205, Änderungsantrag: Positionierung: MLP aus dem TeM(L)Pel schmeißen!
205, Änderungsantrag: Positionierung: MLP aus dem TeM(L)Pel schmeißen!
205, Positionierung: Mehr Feld in die Feldmensa
205, Positionierung: Aufhebung des Beschlusses „Positionierung des StuRa zur Zivilklausel“ vom 03.07.2018
205, Änderungsantrag: Aufhebung des Beschlusses „Positionierung des StuRa zur Zivilklausel“ vom 03.07.2018
205," Änderungsantrag: Aufhebung des Beschlusses ""Positionierung des StuRa zur Zivilklausel"" vom 03.07.2018"
205, Positionierung: Bar an den Pool statt auf/an dem Trockenen zu sitzen
205, Positionierung: Ja zur Zivilklausel! Nein zur Zivilklausel!
205," Positionierung: Männern, die Sexismus wagen, Mikros aus den Händen schlagen!"
205, Kritik an der Exekutive / zentralen VS
205, Diskussion Causa Lemmermeyer
205, Wurftraining für StuRa-Mitglieder
205, Institutionalisierung von AKs und AGs
206, Eröffnung der 206. StuRa-Sitzung
206, Termine WiSe 25/26
206, Beschluss der Tagesordnung
206, Beschluss des Protokolls der 202. Sitzung
206, Beschluss des Protokolls der 203. Sitzung
206, Änderungsantrag: Änderung am Protokoll der 203. Sitzung des StuRa
206, Beschluss des Protokolls der 204. Sitzung
206, Beschluss des Protokolls der 205. Sitzung
206, Kandidatur für Das Präsidium
206, Änderung der Satzung der Studienfachschaft Chemie und Biochemie
206, Neufassung der Satzung der Studienfachschaft Mathematik
206, Neufassung der Satzung der Studienfachschaft Physik
206, Neufassung der Satzung der Studienfachschaft Informatik
206, Kandidatur für das Kultur- und Sportreferat
206, Kandidatur für das autonome Enthinderung
206, Kandidatur für das autonome Enthinderungsreferat
206, Kandidatur für das autonome Enthinderungsreferat
206, Kandidatur für das autonome Enthinderungsreferat
206, Kandidatur für das autonome Enthinderungsreferat
206, Kandidatur für die Wahlkommission
206, Kandidatur für das Referat für Politische Bildung
206, Kandidatur Anti-Antisemitismusreferat
206, Kandidatur Anti-Antisemitismusreferat
206, Kandidatur Anti-Antisemitismusreferat
206, Kandidatur Anti-Antisemitismusreferat
206, Kandidatur für Senatausschuss Lehre (SAL)
206, Kandidatur für die Schlichtungskommission
206, Kandidatur für die Schlichtungskommission
206, Kandidatur für das Referat für Lehre und Lernen
206, Kandidatur für die Schlichtungskommission
206, Kandidatur Wahlkommission
206, Bericht: Vorsitzende der Verfassten Studierendenschaft
206, Bericht zur Lage des Fachrates Lehramt
206, Bericht
206, Bericht: Referat für alle Angelegenheiten des Studierendenwerks
206, Bericht des Gremienreferats
206, Bericht
206, Bericht: AK LeLe und LeLe Referat
206, Bericht: Referat für internationale Studierende
206, Bericht Finanzreferat
206, Bericht des Referats für Verkehr und Kommunales
206, Finanzierung des Vereinsausflug an die Kunsthalle Mannheim mit Führung und anschließendem Essen.
206, Grundfinanzierung des JazzLab Heidelberg
206, Wiederaufnahme der Probe-Flatrate mit dem Taeter-Theater
206, „Mitgliedschaft im Bundesverband Promovierende e.V.“
206, Cooler Merch für die VS
206, Änderungsantrag zu Cooler Merch für die VS: der exekutive Cockblock
206, Aufnehmen von Lecktüchern in den Änderungsantrag
206, Antragsänderung Cooler Merch für die VS: Der StuRa rettet Leben
206, Kondome zu Samen! (zusamen)
206, Studierendenrat fordert konsequente Mülltrennung an der Universität
206, Studierendenrat fordert finanzielle Mittel für nachhaltige Sanierung von Uni-Gebäuden
206, Änderungsantrag zum Antrag „Studierendenrat fordert finanzielle Mittel für nachhaltige Sanierung von Uni Gebäuden“
206, Studierendenrat fordert Interimslösung für den Marstall
206, Gründung AK Im Neuenheimer Feld
206, Änderungsantrag zum Antrag „Gründung AK Im Neuenheimer Feld“
206, Gründung eines Nachhaltigkeitsnetzwerk
206, Forderung nach einem Green Offices
206, Transparenz zur Nachhaltigkeitsstrategie
206, Der Studierendenrat fordert einen Boykott der Coca-Cola Company
206, Zum Sozialismus! Zur Koka Kola Freiheit!
206, Mehr Fahrradstellplätze
206, Stoppt die massive Preiserhöhung beim Cappuccino!
206, Ausweitung der Leistungen des Studierendenwerks
206, Positionierung: Stärkung von pflanzlicher Verpflegung an der Universität
206, Positionierung: Unterstützung des langfristigen Ziels rein pflanzlicher Verpflegung an der Universität Heidelberg
206, Positionierung: Forderung einer inklusiveren Mensa
206, Positionierung: MLP aus dem TeM(L)Pel schmeißen!
206, Änderungsantrag: MLP aus dem TeM(L)Pel schmeißen!
206, Änderungsantrag: Positionierung: MLP aus dem TeM(L)Pel schmeißen!
206, Änderungsantrag: Positionierung: MLP aus dem TeM(L)Pel schmeißen!
206, Positionierung: Mehr Feld in die Feldmensa
206, Positionierung: Aufhebung des Beschlusses „Positionierung des StuRa zur Zivilklausel“ vom 03.07.2018
206, Änderungsantrag: Aufhebung des Beschlusses „Positionierung des StuRa zur Zivilklausel“ vom 03.07.2018
206," Änderungsantrag: Aufhebung des Beschlusses ""Positionierung des StuRa zur Zivilklausel"" vom 03.07.2018"
206, Positionierung: Bar an den Pool statt auf/an dem Trockenen zu sitzen
206, Positionierung: Ja zur Zivilklausel! Nein zur Zivilklausel!
206," Positionierung: Männern, die Sexismus wagen, Mikros aus den Händen schlagen!"
206, Positionierung: Klarheit schaffen um den Neubau des Ostflügels am Campus Bergheim!
206, Satzungsänderung: Konstruktive Debatten im StuRa zulassen
206, Satzungsänderung: CVE 1 (Wahlordnung)
206, Satzungsänderung: Geschäftsordnung des Studierendenrats
206, Änderungsantrag: Geschäftsordnungsänderung des Präsidiums
206, Satzungsänderung: Bewirtungsfaschorichtlinie
206," Änderungsanträge zulassen, inhaltliche Arbeit  ermöglichen!"
206, „Rechtssicherheit für Beitragsänderungen“
206, Neue Amtszeiten für den Vorsitz
206, Änderungsantrag: Neue Amtszeiten für den Vorsitz
206, Änderungsantrag: Neue Amtszeiten für den Vorsitz
206, Satzungsänderung: Wahlordnung
206, Satzung zur Benennung der studentischen Mitglieder im Fachrat Lehramt
206, Kritik an der Exekutive / zentralen VS
206, Diskussion Causa Lemmermeyer
206, Wurftraining für StuRa-Mitglieder
206, Sonstiger Antrag: Verfahrensantrag für die Anträge im Senat
207, Eröffnung der 207. StuRa-Sitzung
207, Grußwort des Oberbürgermeisters
207, Information zu vertagten TOPs der letzten Sitzung
207," Aufnahme von ,,Fortsetzung der Kooperation mit Nextbike 2025"" auf TO vor 4.1"
207, Aufnahme von HeArtBlicke – Erzählen gegen das Unsichtbare
207, Beschluss der Tagesordnung
207," Wahl des Autonomen Enthinderungsreferates, Kultur- und Sportreferates, Wahlkommission"
207, Kultur- und Sportreferat
207, Autonomes Enthinderungsreferat
207, Wahlkommission
207, Beschluss des Protokolls der 203. Sitzung
207, Beschluss des Protokolls der 204. Sitzung
207, Beschluss des Protokolls der 205. Sitzung
207, Termine WiSe 25/26
207, Fortsetzung der Kooperation mit Nextbike 2025
207, Auftakttreffen - AK Awareness
207, Bericht: Referat für alle Angelegenheiten des Studierendenwerks
207, Neufassung der Satzung der Studienfachschaft Mathematik
207, Neufassung der Satzung der Studienfachschaft Physik
207, Neufassung der Satzung der Studienfachschaft Informatik
207, Kandidatur für das Referat für Politische Bildung
207, Kandidatur für die Schlichtungskommission
207, Kandidatur für die Schlichtungskommission
207, Kandidatur für die Schlichtungskommission
207, Kandidatur für das Referat für Lehre und Lernen
207, Kandidatur Wahlkommission
207, Kandidatur für Senatsausschuss für Gleichstellungsangelegenheiten
207, Kandidatur für VS Mitglied im Senat - Stellvertretung
207, Kandidaturen für das Anti-Antisemitismus-Referat
207, Kandidatur Anti-Antisemitismusreferat
207, Kandidatur Anti-Antisemitismusreferat
207, Kandidatur Anti-Antisemitismusreferat
207, Kandidatur Anti-Antisemitismusreferat
207, Kandidatur für Senatausschuss Lehre (SAL)
207, Spontankandidatur: Schlichtungskommission
207, Spontankandidatur: Schlichtungskommission
207, Spontankandidatur: Schlichtungskommission
207, Kandidatur: Stellvertretendes Mitglied für den Notlagenausschuss
207, Spontankandidatur für Senatausschuss Lehre (SAL)
207, Finanzierung des Vereinsausflug an die Kunsthalle Mannheim mit Führung und anschließendem Essen.
207, Grundfinanzierung des JazzLab Heidelberg
207, Wiederaufnahme der Probe-Flatrate mit dem Taeter-Theater
207, HeArtBlicke – Erzählen gegen das Unsichtbare
207, Sonstiger Antrag: Verfahrensantrag für die Anträge im Senat
207, ÄA
207, Positionierung: Klarheit schaffen um den Neubau des Ostflügels am Campus Bergheim!
207, Bericht: Vorsitzende der Verfassten Studierendenschaft
207, Bericht
207, Bericht des Gremienreferats
207, Bericht: AK LeLe und LeLe Referat
207, Bericht: Referat für internationale Studierende
207, Bericht Finanzreferat
207, Bericht des Referats für Verkehr und Kommunales
207, Bericht: Innenreferat
207, Bericht zur Arbeit des Kulturreferates
207, „Mitgliedschaft im Bundesverband Promovierende e.V.“
207, Cooler Merch für die VS
207, Änderungsantrag zu Cooler Merch für die VS: der exekutive Cockblock
207, Aufnehmen von Lecktüchern in den Änderungsantrag
207, Antragsänderung Cooler Merch für die VS: Der StuRa rettet Leben
207, Kondome zu Samen! (zusamen)
207, Studierendenrat fordert konsequente Mülltrennung an der Universität
207, Studierendenrat fordert finanzielle Mittel für nachhaltige Sanierung von Uni-Gebäuden
207, Änderungsantrag zum Antrag „Studierendenrat fordert finanzielle Mittel für nachhaltige Sanierung von Uni Gebäuden“
207, Studierendenrat fordert Interimslösung für den Marstall
207, Gründung AK Im Neuenheimer Feld
207, Änderungsantrag zum Antrag „Gründung AK Im Neuenheimer Feld“
207, Gründung eines Nachhaltigkeitsnetzwerk
207, Forderung nach einem Green Offices
207, Transparenz zur Nachhaltigkeitsstrategie
207, Der Studierendenrat fordert einen Boykott der Coca-Cola Company
207, Zum Sozialismus! Zur Koka Kola Freiheit!
207, Mehr Fahrradstellplätze
207, Stoppt die massive Preiserhöhung beim Cappuccino!
207, Ausweitung der Leistungen des Studierendenwerks
207, Positionierung: Stärkung von pflanzlicher Verpflegung an der Universität
207, Positionierung: Unterstützung des langfristigen Ziels rein pflanzlicher Verpflegung an der Universität Heidelberg
207, Positionierung: Forderung einer inklusiveren Mensa
207, Positionierung: MLP aus dem TeM(L)Pel schmeißen!
207, Änderungsantrag: MLP aus dem TeM(L)Pel schmeißen!
207, Änderungsantrag: Positionierung: MLP aus dem TeM(L)Pel schmeißen!
207, Änderungsantrag: Positionierung: MLP aus dem TeM(L)Pel schmeißen!
207, Positionierung: Mehr Feld in die Feldmensa
207, Positionierung: Aufhebung des Beschlusses „Positionierung des StuRa zur Zivilklausel“ vom 03.07.2018
207, Änderungsantrag: Aufhebung des Beschlusses „Positionierung des StuRa zur Zivilklausel“ vom 03.07.2018
207," Änderungsantrag: Aufhebung des Beschlusses ""Positionierung des StuRa zur Zivilklausel"" vom 03.07.2018"
207, Positionierung: Bar an den Pool statt auf/an dem Trockenen zu sitzen
207, Positionierung: Ja zur Zivilklausel! Nein zur Zivilklausel!
207," Positionierung: Männern, die Sexismus wagen, Mikros aus den Händen schlagen!"
207, Satzungsänderung: Konstruktive Debatten im StuRa zulassen
207, Satzungsänderung: CVE 1 (Wahlordnung)
207, Satzungsänderung: Geschäftsordnung des Studierendenrats
207, Änderungsantrag: Geschäftsordnungsänderung des Präsidiums
207, Satzungsänderung: Bewirtungsfaschorichtlinie
207," Änderungsanträge zulassen, inhaltliche Arbeit  ermöglichen!"
207, „Rechtssicherheit für Beitragsänderungen“
207, Neue Amtszeiten für den Vorsitz
207, Änderungsantrag: Neue Amtszeiten für den Vorsitz
207, Änderungsantrag: Neue Amtszeiten für den Vorsitz
207, Satzungsänderung: Wahlordnung
207, Satzung zur Benennung der studentischen Mitglieder im Fachrat Lehramt
207, Änderung der Satzung der Studienfachschaft Chemie und Biochemie
207, Kritik an der Exekutive / zentralen VS
207, Diskussion Causa Lemmermeyer
207, Wurftraining für StuRa-Mitglieder
208, Eröffnung der 207. StuRa-Sitzung
208, Antrag zur Aufnahme auf die Tagesordnung: Positionierung: Einbindung der Ergebnisse der Mensaumfrage in das neue Mensakonzept des Studierendenwerks
208, Beschluss der Tagesordnung
208, Stefan Behrens
208, Besuch der Rektorin
208, Neufassung der Satzung der Studienfachschaft Mathematik
208, Neufassung der Satzung der Studienfachschaft Physik
208, Neufassung der Satzung der Studienfachschaft Informatik
208, Beschluss des Protokolls der 206. Sitzung
208, Beschluss des Protokolls der 207. Sitzung
208, Beschluss des nicht-öffentlichen Protokolls der 205. Sitzung
208, Beschluss des nicht-öffentlichen Protokolls der 206. Sitzung
208, Beschluss des nicht-öffentlichen Protokolls der 207. Sitzung
208, Antrag zur Aufnahme auf die Tagesordnung: Positionierung: Einbindung der Ergebnisse der Mensaumfrage in das neue Mensakonzept des Studierendenwerks
208, Finanzierung des Vereinsausflug an die Kunsthalle Mannheim mit Führung und anschließendem Essen.
208, HeArtBlicke – Erzählen gegen das Unsichtbare
208, Kandidatur für das Referat für Politische Bildung
208, Kandidaturen Anti-Antisemitismusreferat (nicht-öffentlicher Tagessordnungpunkt)
208, Marc Vélez Kessel
208, Ronja Bilger
208, Martha Lena Fiedelak
208, Gideon Ballhorn
208, Kandidatur für die Schlichtungskommission
208, Kandidatur für die Schlichtungskommission
208, Kandidatur für das Referat für Lehre und Lernen
208, Kandidatur Wahlkommission
208, Kandidatur für Senatsausschuss für Gleichstellungsangelegenheiten
208, Kandidatur für VS Mitglied im Senat - Stellvertretung
208, Kandidatur von Aaron Henning für die Schlichtungskommission
208, Notlagenausschuss Fakultät für Mathematik und Informatik/Philosophische Fakultät
208, Kandidatur für die Schlichtungskomission
208, Kandidatur für Senatausschuss Lehre (SAL)
208, Kandidatur für die Schlichtungskommission
208, Kandidatur für SAL (Spontan)
208, Kandidatur für SAL - stellv. (Spontan)
208, Kandidatur für SAL (Spontan)
208, Bericht: Vorsitzende der Verfassten Studierendenschaft
208, Bericht zur Arbeit des Kulturreferates
208, Bericht: Innenreferat
208, Bericht
208, Bericht: AK LeLe und LeLe Referat
208, Bericht des Referats für Verkehr und Kommunales
208, Bericht: Jana Seifert (VS-Mitglied im Senat)
208, Cooler Merch für die VS
208, Änderungsantrag zu Cooler Merch für die VS: der exekutive Cockblock
208, Aufnehmen von Lecktüchern in den Änderungsantrag
208, Antragsänderung Cooler Merch für die VS: Der StuRa rettet Leben
208, Kondome zu Samen! (zusamen)
208, Studierendenrat fordert konsequente Mülltrennung an der Universität
208, Studierendenrat fordert finanzielle Mittel für nachhaltige Sanierung von Uni-Gebäuden
208, Änderungsantrag zum Antrag „Studierendenrat fordert finanzielle Mittel für nachhaltige Sanierung von Uni Gebäuden“
208, Gründung AK Im Neuenheimer Feld
208, Änderungsantrag zum Antrag „Gründung AK Im Neuenheimer Feld“
208, Gründung eines Nachhaltigkeitsnetzwerk
208, Forderung nach einem Green Offices
208, Transparenz zur Nachhaltigkeitsstrategie
208, Der Studierendenrat fordert einen Boykott der Coca-Cola Company
208, Zum Sozialismus! Zur Koka Kola Freiheit!
208, Unterstützung AK Im Neuenheimer Feld
208, Mehr Fahrradstellplätze
208, Stoppt die massive Preiserhöhung beim Cappuccino!
208, Positionierung: Stärkung von pflanzlicher Verpflegung an der Universität
208, Änderungsantrag: Stärkung von pflanzlicher Verpflegung an der Universität
208, Änderungsantrag: Positionierung: Stärkung von pflanzlicher Verpflegung an der Universität
208, Positionierung: Unterstützung des langfristigen Ziels rein pflanzlicher Verpflegung an der Universität Heidelberg
208, Positionierung: Forderung einer inklusiveren Mensa
208, Ausweitung der Leistungen des Studierendenwerks
208, Positionierung: MLP aus dem TeM(L)Pel schmeißen!
208, Änderungsantrag: MLP aus dem TeM(L)Pel schmeißen!
208, Änderungsantrag: Positionierung: MLP aus dem TeM(L)Pel schmeißen!
208, Änderungsantrag: Positionierung: MLP aus dem TeM(L)Pel schmeißen!
208, Positionierung: Mehr Feld in die Feldmensa
208, Positionierung: Aufhebung des Beschlusses „Positionierung des StuRa zur Zivilklausel“ vom 03.07.2018
208, Änderungsantrag: Aufhebung des Beschlusses „Positionierung des StuRa zur Zivilklausel“ vom 03.07.2018
208," Änderungsantrag: Aufhebung des Beschlusses ""Positionierung des StuRa zur Zivilklausel"" vom 03.07.2018"
208, Positionierung: Bar an den Pool statt auf/an dem Trockenen zu sitzen
208, Positionierung: Ja zur Zivilklausel! Nein zur Zivilklausel!
208," Positionierung: Männern, die Sexismus wagen, Mikros aus den Händen schlagen!"
208, Positionierung: Klarheit schaffen um den Neubau des Ostflügels am Campus Bergheim!
208, Satzungsänderung: Konstruktive Debatten im StuRa zulassen
208, Satzungsänderung: CVE 1 (Wahlordnung)
208, Satzungsänderung: Geschäftsordnung des Studierendenrats
208, Änderungsantrag: Geschäftsordnungsänderung des Präsidiums
208, Satzungsänderung: Bewirtungsfaschorichtlinie
208," Änderungsanträge zulassen, inhaltliche Arbeit  ermöglichen!"
208, „Rechtssicherheit für Beitragsänderungen“
208, Neue Amtszeiten für den Vorsitz
208, Änderungsantrag: Neue Amtszeiten für den Vorsitz
208, Änderungsantrag: Neue Amtszeiten für den Vorsitz
208, Satzungsänderung: Wahlordnung
208, Satzung zur Benennung der studentischen Mitglieder im Fachrat Lehramt
208, Änderung der Satzung der Studienfachschaft Chemie und Biochemie
208, Kritik an der Exekutive / zentralen VS
208, Diskussion Causa Lemmermeyer
208, Wurftraining für StuRa-Mitglieder
209," Antrag auf Dringlichkeit für ,,Forderungen nach einem fairen praktischen Jahr"""
209," Aufnahme des Antrags: ,,Unterschrift des Finanzreferats für unseren gesamten Antrag zu Hygieneproduktenspendern"" auf die TO"
209, Positionierung: Unterschrift des Finanzreferats für unseren gesamten Antrag zu Hygieneproduktenspendern
209, Beschluss der Tagesordnung
209, Infokasten
209, Rabea Freis
209, Neufassung der Satzung der Studienfachschaft Mathematik
209, Neufassung der Satzung der Studienfachschaft Physik
209, Neufassung der Satzung der Studienfachschaft Informatik
209, Finanzierung des Vereinsausflug an die Kunsthalle Mannheim mit Führung und anschließendem Essen.
209, Fortsetzung der Kooperation mit Nextbike 2025
209, Eröffnung der 209. StuRa-Sitzung
209, Infokasten
209, Infokasten
209, Kandidatur für Senatausschuss Lehre (SAL)
209, Kandidatur für Senatausschuss Lehre (SAL)
209, Kandidatur Stellvertretung für Senatausschuss Lehre (SAL)
209, Kandidatur für die Schlichtungskomission
209, Cooler Merch für die VS
209, Änderungsantrag zu Cooler Merch für die VS: der exekutive Cockblock
209, Aufnehmen von Lecktüchern in den Änderungsantrag
209, Antragsänderung Cooler Merch für die VS: Der StuRa rettet Leben
209, Kondome zu Samen! (zusamen)
209, Studierendenrat fordert konsequente Mülltrennung an der Universität
209, Studierendenrat fordert finanzielle Mittel für nachhaltige Sanierung von Uni-Gebäuden
209, Änderungsantrag zum Antrag „Studierendenrat fordert finanzielle Mittel für nachhaltige Sanierung von Uni Gebäuden“
209, Gründung eines Nachhaltigkeitsnetzwerk
209, Forderung nach einem Green Offices
209, Der Studierendenrat fordert einen Boykott der Coca-Cola Company
209, Zum Sozialismus! Zur Koka Kola Freiheit!
209, Änderungsantrag
209, Mehr Fahrradstellplätze
209, Stoppt die massive Preiserhöhung beim Cappuccino!
209, Positionierung: Stärkung von pflanzlicher Verpflegung an der Universität
209, Änderungsantrag: Stärkung von pflanzlicher Verpflegung an der Universität
209, Änderungsantrag: Positionierung: Stärkung von pflanzlicher Verpflegung an der Universität
209, Positionierung: Unterstützung des langfristigen Ziels rein pflanzlicher Verpflegung an der Universität Heidelberg
209, Positionierung: Forderung einer inklusiveren Mensa
209, Ausweitung der Leistungen des Studierendenwerks
209, Positionierung: MLP aus dem TeM(L)Pel schmeißen!
209, Änderungsantrag: MLP aus dem TeM(L)Pel schmeißen!
209, Änderungsantrag: Positionierung: MLP aus dem TeM(L)Pel schmeißen!
209, Änderungsantrag: Positionierung: MLP aus dem TeM(L)Pel schmeißen!
209, Positionierung: Mehr Feld in die Feldmensa
209, Positionierung: Aufhebung des Beschlusses „Positionierung des StuRa zur Zivilklausel“ vom 03.07.2018
209, Änderungsantrag: Aufhebung des Beschlusses „Positionierung des StuRa zur Zivilklausel“ vom 03.07.2018
209," Änderungsantrag: Aufhebung des Beschlusses ""Positionierung des StuRa zur Zivilklausel"" vom 03.07.2018"
209, Positionierung: Bar an den Pool statt auf/an dem Trockenen zu sitzen
209, Positionierung: Ja zur Zivilklausel! Nein zur Zivilklausel!
209," Positionierung: Männern, die Sexismus wagen, Mikros aus den Händen schlagen!"
209, Positionierung: Klarheit schaffen um den Neubau des Ostflügels am Campus Bergheim!
209, Einbindung der Ergebnisse der Mensaumfrage in das neue Mensakonzept des Studierendenwerks
209, Positionierung: Ende der Vergütungspflicht bei Praktika der Stadt Heidelberg
209, Forderungen nach einem fairen praktischen Jahr
209, Bericht: Jana Seifert (VS-Mitglied im Senat)
209, Bericht: Referat für IT und Infrastruktur
209, Bericht: Wahlkommission
209, Bericht des autonomen Enthinderungsreferats
209, Bericht des Queerreferates
209, Bericht: Vorsitz
209, Bericht des Sozialreferates
209, Bericht des Notlagenausschusses
209, Bericht Referat für Ökologie und Nachhaltigkeit
209, Satzungsänderung: Konstruktive Debatten im StuRa zulassen
209, Satzungsänderung: CVE 1 (Wahlordnung)
209, Satzungsänderung: Geschäftsordnung des Studierendenrats
209, Änderungsantrag: Geschäftsordnungsänderung des Präsidiums
209, Satzungsänderung: Bewirtungsfaschorichtlinie
209," Änderungsanträge zulassen, inhaltliche Arbeit  ermöglichen!"
209, „Rechtssicherheit für Beitragsänderungen“
209, Neue Amtszeiten für den Vorsitz
209, Änderungsantrag: Neue Amtszeiten für den Vorsitz
209, Änderungsantrag: Neue Amtszeiten für den Vorsitz
209, Satzungsänderung: Wahlordnung
209, Satzung zur Benennung der studentischen Mitglieder im Fachrat Lehramt
209, Änderung der Satzung der Studienfachschaft Chemie und Biochemie
209, Antrag zur Änderung der Organisationssatzung
209, Kritik an der Exekutive / zentralen VS
209, Diskussion Causa Lemmermeyer
209, Wurftraining für StuRa-Mitglieder
210, Eröffnung der 210. StuRa-Sitzung
210, Kandidatur Präsidium
210, Kandidatur: Präsidium
210, Beschluss der Tagesordnung
210, Vorbemerkungen zur Sitzung
210, Beschluss des Protokolls der 208. Sitzung
210, Beschluss des Protokolls der 209. Sitzung
210, Sofo-hd.de
210, Die letzten zwei Termine der Probephase der Mietrechtsberatung
210, Treffen zur Zukunft der Fachräte
210, Gespräch mit der HSE zum Thema Fachrat Lehramt
210, How to StuRa
210, QSM-Schulung am 20.11.2025
210, Bericht: Vorsitzende der VS
210, Bericht: Referat für IT und Infrastruktur
210, Bericht: Referat für Ökologie und Nachhaltigkeit
210, Bericht Finanzreferat
210, Bericht:  VS-Mitglied im Senat
210, Bericht: HeiCo-Lenkungsausschuss
210, Bericht: AG Fachrat
210, Bericht: Wahlkommission und AG Wahlen
210, Bericht: Verkehrsreferat
210, Rücksprache der WaKo gem. § 7 Abs. 3 WahlO
210, Kandidatur für das Lehramtsreferat
210, Kandidatur für das Referat für Kultur und Sport
210, Kandidatur Referat für Ökologie und Nachhaltigkeit
210, Kandidatur Referat für Ökologie und Nachhaltigkeit
210, Kandidatur Queerreferat
210, Kandidatur Queerreferat
210, Kandidatur Queerreferat
210, Kandidatur Sozialreferat
210, Kandidatur Sozialreferat
210," Kandidatur SAL, stellvertretendes Mitglied"
210," Kandidatur SAL, stellvertretendes Mitglied"
210, Kandidatur Wahlkommission
210, Kandidatur Notlagenausschuss
210, Kandidatur Notlagenausschuss
210, Kandidatur Notlagenausschuss
210, Kandidatur Referat für internationales Studierende
210, Kandidatur QSM-Referat
210, Neufassung der Satzung der Studienfachschaft Mathematik
210, Neufassung der Satzung der Studienfachschaft Informatik
210, Neufassung der Satzung der Studienfachschaft Physik
210, Änderung der Satzung der Studienfachschaft Chemie und Biochemie
210, Satzung zur Benennung der studentischen Mitglieder im Fachrat Lehramt
210, Änderung der Wahlordnung
210, Konsensfähige Änderung der Organisationssatzung
210, Beschluss der Finanzverwaltungsrichtlinie des StuRa
210, Beschluss einer Referateordnung
210, Änderungen der Finanzordnung
210, Weiterfinanzierung der wöchentlichen offenen Mietrechtsberatungssprechstunde bis Ende des Jahres
210, Positionierung: Einladung der Geschäftsführung des StuWes in den StuRa
210, Positionierung: Wurftraining für Mitglieder des Studierendenrats
211, Begrüßung
211, Für die Sitzung am 4.11.25: Finanzantrag zur Zusatzfinanzierung der Ersti-Fachschaftsfahrt 2025
211, Unterstützung der Fachschaften Medizin Heidelberg und Medizin Mannheim  bei der Demonstration zu einem fairen PJ
211, Positionierung: Handhabung der Qualitätssicherungsmittel
211, Aufnahme auf die TO der 211. Sitzung
211, Beschluss der Tagesordnung
211, Protokolle
211, Weiterfinanzierung der wöchentlichen offenen Mietrechtsberatungssprechstunde bis Ende des Jahres
211, Änderung der Satzung der Studienfachschaft Chemie und Biochemie
211, Neufassung der Satzung der Studienfachschaft Physik
211, Neufassung der Satzung der Studienfachschaft Informatik
211, Neufassung der Satzung der Studienfachschaft Mathematik
211, Konsensfähige Änderung der Organisationssatzung
211, Bericht: Vorsitzende der Verfassten Studierendenschaft
211, Bericht: Jana Seifert (Vorsitzende der VS)
211, Bericht: Beirat Radstrategie
211, Bericht: StuWe-Referat
211, Bericht: Queerreferat
211, Kandidatur für das Lehramtsreferat
211, Kandidatur für das Referat für Kultur und Sport
211, Kandidatur Referat für Ökologie und Nachhaltigkeit
211, Kandidatur Referat für Ökologie und Nachhaltigkeit
211, Kandidatur Queerreferat
211, Kandidatur Queerreferat
211, Kandidatur Queerreferat
211, Kandidatur Sozialreferat
211, Kandidatur Sozialreferat
211," Kandidatur SAL, stellvertretendes Mitglied"
211, Kandidatur Wahlkommission
211, Kandidatur Notlagenausschuss
211, Kandidatur Notlagenausschuss
211, Kandidatur Notlagenausschuss
211, Kandidatur Referat für internationales Studierende
211, Kandidatur QSM-Referat
211," Kandidatur SAL, stellvertretendes Mitglied"
211, Kandidatur Begleitkreis Radstrategie
211, Kandidatur Referat für Hochschulpolitische Vernetzung
211, Kandidatur für den Vorsitz der Verfassten Studierendenschaft männlich
211, Kandidatur für den Vorsitz der Verfassten Studierendenschaft nonbinär
211, Kandidatur für die Schlichtungskommission
211, Kandidatur für die Schlichtungskommission
211, Kandidatur für das Referat IT- und Infrastruktur
211, Satzung zur Benennung der studentischen Mitglieder im Fachrat Lehramt
211, Änderung der Wahlordnung
211, Beschluss einer Referateordnung
211, Änderungen der Finanzordnung
211, Beschluss der Finanzverwaltungsrichtlinie des StuRa
211, Änderungsantrag: Beschluss der Finanzverwaltungsrichtlinie des StuRa
211, Änderungsantrag zum Beschluss der Finanzverwaltungsrichtlinie
211, Konsultation des StuRa bezüglich der Lesung „Mein Kampf“ im Taeter-Theater
211, Positionierung: Cooler Merch für die VS
211, Änderungsantrag: Cooler Merch für die VS
211, Aufnahme einer Probe-Flatrate mit dem Museum Haus Cajeth
211, Positionierung: Gegen Beitragserhöhungen
211, Positionierung: Günstig mit nicht vorhandenem Bus und Bahn
211, GO-Antrag auf Nichtbefassung
211, Änderungsantrag zum Antrag „Positionierung: Günstig mit nicht vorhandenem Bus und Bahn“: Feststellung zum Deutschlandticket für Studierende erneuern
211, Änderungsantrag: 15.4. Positionierung: Günstig mit nicht vorhandenem Bus und Bahn
211, Positionierung: Mehr Digitalisierung für Fachschaften wagen
211, Positionierung: Positionierung des StuRa der Universität Heidelberg gegen die Wehrpflicht
211, Positionierung: Auch antislawischer Rassismus ist Rassismus!
211, Positionierung: Aufhebung der Ausführungsbestimmung des Finanzreferates gem. § 37 FinO Nr. 01/2025
211, Positionierung: Die Befreiung vom Faschismus verwirklichen: 8. Mai zum antifaschistischen Feiertag
211, Positionierung: Nein zur Zivilklausel!
211, Positionierung: Ja zur Zivilklausel!
211, Haushalt 2026
211, Änderung der Beitragsordnung zur Anpassung an den Nextbike-Vertrag
211, Verlängerung der Probeflatrate mit dem Völkerkundemuseum
211, Verlängerung der Probeflatrate mit dem Kurpfälzischen Museum
211, Verlängerung der Probe-Flatrate mit dem Taeter-Theater
211, Sonstiges
212, Begrüßung
212, Beschluss der Tagesordnung
212, Protokolle
212, Kandidatur für den Vorsitz der Verfassten Studierendenschaft männlich
212, Kandidatur für den Vorsitz der Verfassten Studierendenschaft nonbinär
212, Kandidatur Wahlkommission
212, Kandidatur Notlagenausschuss
212, Kandidatur Notlagenausschuss
212, Kandidatur Notlagenausschuss
212, Kandidatur Referat für internationales Studierende
212, Kandidatur QSM-Referat
212," Kandidatur SAL, stellvertretendes Mitglied"
212, Kandidatur Begleitkreis Radstrategie
212, Kandidatur Referat für Hochschulpolitische Vernetzung
212, Kandidatur für das Referat für Hochschulpolitische Vernetzung
212, Kandidatur für die Schlichtungskommission
212, Kandidatur für die Schlichtungskommission
212, Kandidatur für das Referat IT- und Infrastruktur
212, Kandidatur für die Prozessbegleitende AG zum Campus INF
212, Kandidatur für den Ordnungsausschuss der Universität
212, Kandidatur für den Ordnungsausschuss der Universität
212, Kandidatur für das Finanzreferat
212, Kandidatur für das Lehramtsreferat
212," Kandidatur für Senat: Kommission für die Vergabe der Deutschlandstipendien, stellvertretendes Mitglied"
212," Kandidatur für Senat: Kommission für die Marsilius-Studien, Mitglied"
212, Kandidatur für den Ordnungsausschuss der Universität Stellvertretung
212, Spontankandidatur: Senatsausschuss für Gleichstellungsangelegenheiten
212, Wahl: Lehramtsreferat
212, Wahl: Referat für Kultur und Sport
212, Wahl: Referat Ökologie und Nachhaltigkeit
212, Wahl: Queerreferat
212, Wahl: Sozialreferat
212," Wahl: SAL, stellvertretendes Mitglied"
212, Positionierung: Handhabung der Qualitätssicherungsmittel
212, Bericht: Vorsitzende der Verfassten Studierendenschaft
212, Bericht: Beirat Radstrategie
212, Bericht: Queerreferat
212, Bericht des Lehramtsreferats
212, Bericht LAK 2025-11-09
212, Bericht aus dem Präsidium
212, Bericht: Finanzreferat
212, Finanzantrag zur Zusatzfinanzierung der Ersti-Fachschaftsfahrt 2025
212, Unterstützung der Fachschaften Medizin Heidelberg und Medizin Mannheim  bei der Demonstration zu einem fairen PJ
212, Satzung zur Benennung der studentischen Mitglieder im Fachrat Lehramt
212, Änderungsantrag: 10.1 Satzung zur Benennung der studentischen Mitglieder im Fachrat Lehramt
212, Änderung der Wahlordnung
212, Beschluss einer Referateordnung
212, Änderungen der Finanzordnung
212, Beschluss der Finanzverwaltungsrichtlinie des StuRa
212, Änderungsantrag: Beschluss der Finanzverwaltungsrichtlinie des StuRa
212, Änderungsantrag zum Beschluss der Finanzverwaltungsrichtlinie
212, Positionierung: Cooler Merch für die VS
212, Änderungsantrag: Cooler Merch für die VS
212, Aufnahme einer Probe-Flatrate mit dem Museum Haus Cajeth
212, Positionierung: Gegen Beitragserhöhungen
212, Positionierung: Günstig mit nicht vorhandenem Bus und Bahn
212, GO-Antrag auf Nichtbefassung
212, Änderungsantrag zum Antrag „Positionierung: Günstig mit nicht vorhandenem Bus und Bahn“: Feststellung zum Deutschlandticket für Studierende erneuern
212, Positionierung: Mehr Digitalisierung für Fachschaften wagen
212, Positionierung: Positionierung des StuRa der Universität Heidelberg gegen die Wehrpflicht
212, Positionierung: Auch antislawischer Rassismus ist Rassismus!
212, Positionierung: Aufhebung der Ausführungsbestimmung des Finanzreferates gem. § 37 FinO Nr. 01/2025
212, Positionierung: Die Befreiung vom Faschismus verwirklichen: 8. Mai zum antifaschistischen Feiertag
212, Positionierung: Nein zur Zivilklausel!
212, Positionierung: Ja zur Zivilklausel!
212, Haushalt 2026
212, Änderung der Beitragsordnung zur Anpassung an den Nextbike-Vertrag
212, Verlängerung der Probeflatrate mit dem Völkerkundemuseum
212, Verlängerung der Probeflatrate mit dem Kurpfälzischen Museum
212, Verlängerung der Probe-Flatrate mit dem Taeter-Theater
213, Eröffnung der Sitzung
213, Beschluss der Tagesordnung
213, Ausnahmefall nach §10 Abs. 5 GeschO StuRa
213, Protokoll der 210. Sitzung
213, Protokoll der 211. Sitzung
213, Protokoll der 212. Sitzung
213, Schulungen
213, Haushalt 2026
213, Haushalt an Änderungen der Beitragsordnung anpassen
213, Änderung der Beitragsordnung zur Anpassung an den Nextbike-Vertrag
213, Finanzantrag zur Zusatzfinanzierung der Ersti-Fachschaftsfahrt 2025
213," Kandidatur SAL, stellvertretendes Mitglied"
213, Kandidatur Begleitkreis Radstrategie
213, Kandidatur Referat für Hochschulpolitische Vernetzung
213, Kandidatur für das Referat für Hochschulpolitische Vernetzung
213, Kandidatur für die Schlichtungskommission
213, Kandidatur für die Schlichtungskommission
213, Kandidatur für das Referat IT- und Infrastruktur
213, Kandidatur für die Prozessbegleitende AG zum Campus INF
213, Kandidatur für den Ordnungsausschuss der Universität
213, Kandidatur für den Ordnungsausschuss der Universität
213, Kandidatur für das Finanzreferat
213, Kandidatur für das Lehramtsreferat
213," Kandidatur für Senat: Kommission für die Vergabe der Deutschlandstipendien, stellvertretendes Mitglied"
213," Kandidatur für Senat: Kommission für die Marsilius-Studien, Mitglied"
213, Kandidatur für den Ordnungsausschuss der Universität Stellvertretung
213," Kandidatur für Senat: Senatsausschuss für Gleichstellungsangelegenheiten, Mitglied"
213, Kandidatur für die Schlichtungskommission
213, Kandidatur für das Finanzreferat
213, Gründung einer neuen Fachschaft: Iberoamerikanische Studien
213, Bericht: SAL Vertreter*in
213, Bericht: Vorsitz der Verfassten Studierendenschaft
213, Positionierung: Cooler Merch für die VS
213, Änderungsantrag: Cooler Merch für die VS
213, Aufnahme einer Probe-Flatrate mit dem Museum Haus Cajeth
213, Positionierung: Gegen Beitragserhöhungen
213, Positionierung: Günstig mit nicht vorhandenem Bus und Bahn
213, GO-Antrag auf Nichtbefassung
213, Änderungsantrag zum Antrag „Positionierung: Günstig mit nicht vorhandenem Bus und Bahn“: Feststellung zum Deutschlandticket für Studierende erneuern
213, Änderungsantrag zu 11.4.
213, Positionierung: Mehr Digitalisierung für Fachschaften wagen
213, Positionierung: Positionierung des StuRa der Universität Heidelberg gegen die Wehrpflicht
213, Positionierung: Auch antislawischer Rassismus ist Rassismus!
213, Positionierung: Aufhebung der Ausführungsbestimmung des Finanzreferates gem. § 37 FinO Nr. 01/2025
213, Positionierung: Die Befreiung vom Faschismus verwirklichen: 8. Mai zum antifaschistischen Feiertag
213, Positionierung: Nein zur Zivilklausel!
213, Positionierung: Ja zur Zivilklausel!
213, Positionierung: Webauftritt neu gestalten
213, Nicht-Öffentlicher TOP
213, Spontankandidatur fürs Präsidium
213, Restprotokoll
214, Eröffnung der Sitzung
214, Information bzgl. Änderungen gem. § 53 Abs. 4 Zif. 1 OrgS
214, Beschluss der Tagesordnung
214, Protokoll der 212. Sitzung
214, Protokoll der 213. Sitzung
214, Fahrt in das Europaparlament
214, Bericht: Vorsitz
214, Bericht: IT-Referat
214," Bericht: AG Fachrat, Jana Seifert"
214, Kandidatur für das Finanzreferat
214, Kandidatur für das Präsidium
214, Kandidatur für die Schlichtungskommission
214, Kandidatur für das Finanzreferat
214, Kandidatur für das Präsidium
214, Kandidatur für das Referat für Internationale Studierende
214, Kandidatur für den Arbeitskreis Bürgerbeteiligung
214, Kandidatur für das Referat für Verkehr und Kommunales
214, Kandidatur für das Referat für Verkehr und Kommunales
214, Kandidatur für das Lehramtsreferat
214, Förderung der Deutschsprachige Debattiermeistschaft 2026
214, Bitte um finanzielle Förderung der ersten fachübergreifenden Konferenz der Tschecho-Slowakischen Gemeinschaft der Uni HD
214, Bergheim Bolzt finanzieren! - Damit gemeinsamer Fakultätssport mit Studierenden und  Dozierenden möglich und für alle Studierenden zugänglich bleibt
214, : Konzerte des Anglistenchor
214, Finanzierung des PhiloHisto-Sommerfestes in der Altstadt
214, Unterstützung der “Disco Ergo Sum 5.0”
214, Finanzierung TEDxHeidelberg
214, Sammelfinanzantrag für die Erstsemester und Wechsler:innenfahrt der Fachschaft Theologie im Februar 2026
214, Finanzielle Unterstützung der Naturwissenschaftsbälle 2026
214," Lesung ""Politische Geborgenheit. Vor*ankommen in sozialen Bewegungen"" von Clara Tempel"
214," Filmabend ,,The Dupes“"
214, Förderung des 37. Heidelberger Symposiums unter dem Titel “krisenFest ?!”
214, Unterstützung der Filmvorführungen des Studentischen Filmclubs Heidelberg im WiSe25/26
214, Nachträgliche Unterstützung der Filmvorführungen des Studentischen Filmclubs Heidelberg im SoSe25
214, Finanzantrag zur Förderung der 35. Tagung für Computerlinguistik-Studierende (TaCoS) 2026 in Heidelberg
214," Übernahme der Mietkosten von Filmtechnik, ausgeliehen bei MBF Filmtechnik Frankfurt, für ein Projekt des studentischen Filmkreises Heidelberg"
214, Gründung einer neuen Fachschaft: Iberoamerikanische Studien
214, Satzungsänderung: zwei Vergleichsangebote reichen auch
214, Positionierung: Gegen Beitragserhöhungen
214, Änderungsantrag: Gegen Beitragserhöhungen
214, Positionierung: Mehr Digitalisierung für Fachschaften wagen
214, Positionierung: Günstig mit nicht vorhandenem Bus und Bahn
214, Änderungsantrag zum Antrag „Positionierung: Günstig mit nicht vorhandenem Bus und Bahn“: Feststellung zum Deutschlandticket für Studierende erneuern
214, Änderungsantrag: Positionierung: Günstig mit nicht vorhandenem Bus und Bahn
214, Änderungsantrag: Positionierung: Günstig mit nicht vorhandenem Bus und Bahn
214, Änderungsantrag: Positionierung: Günstig mit nicht vorhandenem Bus und Bahn
214, Positionierung: Positionierung des StuRa der Universität Heidelberg gegen die Wehrpflicht
214, Änderungsantrag: Positionierung: Positionierung des StuRa der Universität Heidelberg gegen die Wehrpflicht
214, Positionierung: Auch antislawischer Rassismus ist Rassismus!
214, Positionierung: Die Befreiung vom Faschismus verwirklichen: 8. Mai zum antifaschistischen Feiertag
214, Positionierung: Cooler Merch für die VS
214, Änderungsantrag: Cooler Merch für die VS
214, Aufnahme einer Probe-Flatrate mit dem Museum Haus Cajeth
214, Positionierung: Aufhebung der Ausführungsbestimmung des Finanzreferates gem. § 37 FinO Nr. 01/2025
214, Positionierung: Nein zur Zivilklausel!
214, Positionierung: Ja zur Zivilklausel!
214, Positionierung: Verhandlungsteam für die neuen Räume
214, Positionierung: Webauftritt neu gestalten
216, Eröffnung der Sitzung
216, Beschluss der Tagesordnung
216, Protokoll der 213. Sitzung
216, Protokoll der 214. Sitzung
216, Protokoll der 215. Sitzung
216, Workshop zu Prüfungsordnung
216, Sonstiger Antrag: Abwahl Philip Tuparev (Präsidium)
216, Bericht: Referat für Verkehr und Kommunales
216, Sonstiger Antrag: Mitteilung an den StuRa nach § 53 Abs. 5 OrgS
216, Bericht: Referat für Konstitution der VS und Gremienkoordination
216, Bergheim Bolzt finanzieren! - Damit gemeinsamer Fakultätssport mit Studierenden und  Dozierenden möglich und für alle Studierenden zugänglich bleibt
216, Förderung der Deutschsprachige Debattiermeistschaft 2026
216, Bitte um finanzielle Förderung der ersten fachübergreifenden Konferenz der Tschecho-Slowakischen Gemeinschaft der Uni HD
216, : Konzerte des Anglistenchor
216, Finanzierung des PhiloHisto-Sommerfestes in der Altstadt
216, Unterstützung der “Disco Ergo Sum 5.0”
216, Finanzierung TEDxHeidelberg
216, Sammelfinanzantrag für die Erstsemester und Wechsler:innenfahrt der Fachschaft Theologie im Februar 2026
216, Finanzielle Unterstützung der Naturwissenschaftsbälle 2026
216, Förderung des 37. Heidelberger Symposiums unter dem Titel “krisenFest ?!”
216, Unterstützung der Filmvorführungen des Studentischen Filmclubs Heidelberg im WiSe25/26
216, Nachträgliche Unterstützung der Filmvorführungen des Studentischen Filmclubs Heidelberg im SoSe25
216, Finanzantrag zur Förderung der 35. Tagung für Computerlinguistik-Studierende (TaCoS) 2026 in Heidelberg
216," Übernahme der Mietkosten von Filmtechnik, ausgeliehen bei MBF Filmtechnik Frankfurt, für ein Projekt des studentischen Filmkreises Heidelberg"
216, Entsendung 12 FSler (VWL) zur Bundes-Fachschaften-Konferenz
216, Gemeinsame Behandlung der WaKo-Kandidaturen in zweiter Lesung
216, Kandidatur für das Finanzreferat
216, Kandidatur für das Referat für Internationale Studierende
216, Kandidatur für das Referat für Verkehr und Kommunales
216, Kandidatur für das Referat für Verkehr und Kommunales
216, Kandidatur für die Wahlkommission
216, Kandidatur für die Wahlkommission
216, Kandidatur für die Wahlkommission
216, Kandidatur für die Wahlkommission
216, Kandidatur für die Wahlkommission
216, Kandidatur für die Wahlkommission
216, Kandidatur für die Wahlkommission
216, Kandidatur für die Wahlkommission
216, Kandidatur für die Wahlkommission
216, Kandidatur für den Arbeitskreis Bürgerbeteiligung
216, Kandidatur für die Schlichtungskommission
216, Kandidatur für das Lehramtsreferat
216, Kandidatur für den QSM-Ausschuss
216, Kandidatur für die Stellvertretung des universitären Transferbeirat
216, Kandidatur für das StuWe-Referat
216, Kandidatur für den HSE-Rat
216, Bericht: Vorsitz
216, Bericht: Finanzreferat
216, Bericht: IT-Referat
216, Bericht: VS-Mitglied im Senat
216," Bericht: AG Fachrat, Jana Seifert"
216, Bericht: Kirsten Heike Pistel
216, Bericht: AG Wahlen
216, Gründung einer neuen Fachschaft: Iberoamerikanische Studien
216, Satzungsänderung: zwei Vergleichsangebote reichen auch
216, Positionierung: Gegen Beitragserhöhungen
216, Änderungsantrag: Gegen Beitragserhöhungen
216, Änderungsantrag: Positionierung: Gegen Beitragserhöhung
216, Positionierung: Mehr Digitalisierung für Fachschaften wagen
216, Positionierung: Günstig mit nicht vorhandenem Bus und Bahn
216, Änderungsantrag zum Antrag „Positionierung: Günstig mit nicht vorhandenem Bus und Bahn“: Feststellung zum Deutschlandticket für Studierende erneuern
216, Änderungsantrag: Positionierung: Günstig mit nicht vorhandenem Bus und Bahn
216, Änderungsantrag: Positionierung: Günstig mit nicht vorhandenem Bus und Bahn
216, Änderungsantrag: Positionierung: Günstig mit nicht vorhandenem Bus und Bahn
216, Positionierung: Positionierung des StuRa der Universität Heidelberg gegen die Wehrpflicht
216, Änderungsantrag: Positionierung: Positionierung des StuRa der Universität Heidelberg gegen die Wehrpflicht
216, Positionierung: Auch antislawischer Rassismus ist Rassismus!
216, Positionierung: Die Befreiung vom Faschismus verwirklichen: 8. Mai zum antifaschistischen Feiertag
216, Positionierung: Cooler Merch für die VS
216, Änderungsantrag: Cooler Merch für die VS
216, Aufnahme einer Probe-Flatrate mit dem Museum Haus Cajeth
216, Positionierung: Aufhebung der Ausführungsbestimmung des Finanzreferates gem. § 37 FinO Nr. 01/2025
216, Positionierung: Nein zur Zivilklausel!
216, Positionierung: Ja zur Zivilklausel!
216, Positionierung: Verhandlungsteam für die neuen Räume
216, Positionierung: Licht in den Schatten bringen
216, Positionierung: Themenschwerpunkt für die Fragerunde im EU-Parlament
216, Änderungsantrag: Themenschwerpunkt für die Fragerunde im EU-Parlament
216, Positionierung: Webauftritt neu gestalten
216, Diskussion: Was wollt ihr mit der StuWe-Geschäftsführung besprechen?
217, Eröffnung der Sitzung
217, Beschluss der Tagesordnung
217, Protokoll Besuch der Geschäftsführung
217, Bericht: Stuwe-Referat
217, Kandidatur für das StuWe-Referat
217, Bericht: QSM-Referat
217, Protokoll der 213. Sitzung
217, Protokoll der 214. Sitzung
217, Protokoll der 215. Sitzung
217, Protokoll der 216. Sitzung
217, Sprechstunde: IT-Referat
217, Termin: 1. Lesung für die Wahl zur StuWeVV am 27.01.2026
217, Sonstiger Antrag: Mitteilung an den StuRa nach § 53 Abs. 5 OrgS
217, Bericht: Vorsitz
217, Bericht: Finanzreferat
217, Bericht: IT-Referat
217, Bericht: VS-Mitglied im Senat
217," Bericht: AG Fachrat, Jana Seifert"
217, Bericht: Kirsten Heike Pistel
217, Bericht: AG Wahlen
217, Bericht: Enthinderungsreferat
217, Bericht: Anti-Antisemitismusreferat
217," Änderungsantrag: Filmabend ,,The Dupes“ (aus der 215. Sitzung am 9.12.2025)"
217, Kandidatur für das Finanzreferat
217, Kandidatur für das Referat für Internationale Studierende
217, Kandidatur für das Referat für Verkehr und Kommunales
217, Kandidatur für das Referat für Verkehr und Kommunales
217, Kandidatur für den Arbeitskreis Bürgerbeteiligung
217, Positionierung: Fachratswahlen erhalten!
217, Finanzantrag: Bereitstellung der Mittel für eine weitere Fachratswahl
217, Nicht-Öffentlicher Antrag: Verfahrensantrag
217, Gründung einer neuen Fachschaft: Iberoamerikanische Studien
217, Satzungsänderung: zwei Vergleichsangebote reichen auch
217, Positionierung: Gegen Beitragserhöhungen
217, Änderungsantrag: Gegen Beitragserhöhungen
217, Änderungsantrag: Positionierung: Gegen Beitragserhöhung
217, Positionierung: Mehr Digitalisierung für Fachschaften wagen
217, Positionierung: Günstig mit nicht vorhandenem Bus und Bahn
217, Änderungsantrag zum Antrag „Positionierung: Günstig mit nicht vorhandenem Bus und Bahn“: Feststellung zum Deutschlandticket für Studierende erneuern
217, Änderungsantrag: Positionierung: Günstig mit nicht vorhandenem Bus und Bahn
217, Änderungsantrag: Positionierung: Günstig mit nicht vorhandenem Bus und Bahn
217, Änderungsantrag: Positionierung: Günstig mit nicht vorhandenem Bus und Bahn
217, Positionierung: Positionierung des StuRa der Universität Heidelberg gegen die Wehrpflicht
217, Änderungsantrag: Positionierung: Positionierung des StuRa der Universität Heidelberg gegen die Wehrpflicht
217, Positionierung: Auch antislawischer Rassismus ist Rassismus!
217, Positionierung: Die Befreiung vom Faschismus verwirklichen: 8. Mai zum antifaschistischen Feiertag
217, Positionierung: Cooler Merch für die VS
217, Änderungsantrag: Cooler Merch für die VS
217, Aufnahme einer Probe-Flatrate mit dem Museum Haus Cajeth
217, Positionierung: Aufhebung der Ausführungsbestimmung des Finanzreferates gem. § 37 FinO Nr. 01/2025
217, Positionierung: Nein zur Zivilklausel!
217, Positionierung: Ja zur Zivilklausel!
217, Positionierung: Verhandlungsteam für die neuen Räume
217, Positionierung: Licht in den Schatten bringen
217, Protokoll Redestatistik
217, Protokoll für die Durchführung
217," Sonstiger Antrag: Dringliche Neufassung des Finanzantrags: ""Filmabend ,,The Dupes“ (aus der 215. Sitzung am 9.12.2025)"" mit allen notwendigen Voranträgen"
217, Sonstiger Antrag: Vorgehensweisen in einem Einzelfall: Delegation der Entsendung zur Auswahlkommission des Marie-Luise Jung-Preis 2026
217, Positionierung: Webauftritt neu gestalten
217, Kandidatur für die Schlichtungskommission
217, Kandidatur für das Lehramtsreferat
217, Kandidatur für den QSM-Ausschuss
217, Kandidatur für die Stellvertretung des universitären Transferbeirat
217, Kandidatur für das StuWe-Referat
217, Kandidatur für das Personalkommitee der RefKonf
218, Eröffnung der Sitzung
218, Beschluss der Tagesordnung
218, Protokoll der 213. Sitzung
218, Protokoll der 214. Sitzung
218, Protokoll der 215. Sitzung
218, Protokoll der 216. Sitzung
218, Protokoll der 217. Sitzung
218, Termine: Finanz- und Bestellsprechstunde
218, Sonstiger Antrag: Mitteilung an den StuRa nach § 53 Abs. 5 OrgS
218, Sonstiger Antrag: Sitzungstermine für das Sommersemester
218, Bericht: Vorsitz
218, Bericht: VS-Mitglied im Senat
218, Bericht: Innenreferat
218, Bericht: IT’s FuN
218, Bericht: Referat für hochschulpolitische Vernetzung
218, Bericht: Enthinderungsreferat
218, Bericht: autonomes Queerreferat
218, Bericht: Pobi-Referat
218, Bericht: Referat für Lehre und Lernen
218, Bericht: Wahlkommission und AG Wahlen
218, Bericht: WaKo
218, Verlesung der Kandidaturen
218, Kandidatur: Mitglied der Vertretungsversammlung des StuWe
218, Kandidatur: Mitglied der Vertretungsversammlung des StuWe
218, Kandidatur: Mitglied der Vertretungsversammlung des StuWe
218, Kandidatur: Mitglied der Vertretungsversammlung des StuWe
218, Kandidatur: Mitglied der Vertretungsversammlung des StuWe
218, Kandidatur: Mitglied der Vertretungsversammlung des StuWe
218, Kandidatur: Schlichtungskommission
218, Kandidatur: Schlichtungskommission
218, Kandidatur: Schlichtungskommission
218, Kandidatur: Schlichtungskommission
218, Kandidatur: Schlichtungskommission
218, Kandidatur für das Lehramtsreferat
218, Kandidatur: QSM-Ausschuss
218, Kandidatur: QSM-Ausschuss
218, Kandidatur: QSM-Ausschuss
218, Kandidatur: QSM-Ausschuss
218, Kandidatur: QSM-Ausschuss
218, Kandidatur für die Stellvertretung des universitären Transferbeirat
218, Kandidatur für das StuWe-Referat
218, Kandidatur für das StuWe-Referat
218, Kandidatur: HSE-Rat
218, Kandidatur: Finanzreferat
218, Kandidatur: Finanzreferat nach LHG
218, Kandidatur: Finanzreferat nach LHG
218, Kandidatur: AI Board
218, Kandidatur: Referat für IT und Infrastruktur
218, Kandidatur: Referat für IT und Infrastruktur
218, Kandidatur: Haushalts- und Finanzausschuss des StuRa
218, Verlängerung der Probeflatrate mit dem Völkerkundemuseum (Nachverhandlung)
218, Positionierung: Fachratswahlen erhalten!
218, Finanzantrag: Bereitstellung der Mittel für eine weitere Fachratswahl
218, Nicht-Öffentlicher Antrag: Verfahrensantrag
218, Sonstiger Antrag: Vorgehensweisen in einem Einzelfall: Delegation der Entsendung zur Auswahlkommission des Marie-Luise Jung-Preis 2026
218, Gründung einer neuen Fachschaft: Iberoamerikanische Studien
218, Satzungsänderung: zwei Vergleichsangebote reichen auch
218, Satzungsänderung: Geschäftsordnung des StuRa
218, Positionierung: Günstig mit nicht vorhandenem Bus und Bahn
218, Änderungsantrag zum Antrag „Positionierung: Günstig mit nicht vorhandenem Bus und Bahn“: Feststellung zum Deutschlandticket für Studierende erneuern
218, Änderungsantrag: Positionierung: Günstig mit nicht vorhandenem Bus und Bahn
218, Änderungsantrag: Positionierung: Günstig mit nicht vorhandenem Bus und Bahn
218, Änderungsantrag: Positionierung: Günstig mit nicht vorhandenem Bus und Bahn
218, Positionierung: Freie Entsendung für die LaStuVe
218, Positionierung: Positionierung des StuRa der Universität Heidelberg gegen die Wehrpflicht
218, Änderungsantrag: Positionierung: Positionierung des StuRa der Universität Heidelberg gegen die Wehrpflicht
218, Positionierung: Auch antislawischer Rassismus ist Rassismus!
218, Positionierung: Die Befreiung vom Faschismus verwirklichen: 8. Mai zum antifaschistischen Feiertag
218, Positionierung: Cooler Merch für die VS
218, Änderungsantrag: Cooler Merch für die VS
218, Aufnahme einer Probe-Flatrate mit dem Museum Haus Cajeth
218, Positionierung: Aufhebung der Ausführungsbestimmung des Finanzreferates gem. § 37 FinO Nr. 01/2025
218, Positionierung: Nein zur Zivilklausel!
218, Positionierung: Ja zur Zivilklausel!
218, Positionierung: Verhandlungsteam für die neuen Räume
218, Positionierung: Licht in den Schatten bringen
218, Positionierung: Unterstützung der DZG-Petition für glutenfreie Verplegung in öffentlichen Einrichtungen
218, Positionierung: Antrag zur Positionierung des StuRa zum Thema (preiswertes) studentisches Wohnen - innerhalb und außerhalb von Wohnheimen (des StuWe=
218, Positionierung: Webauftritt neu gestalten
219, Eröffnung der Sitzung
219, Beschluss der Tagesordnung
219, Protokoll der 213. Sitzung
219, Protokoll der 214. Sitzung
219, Protokoll der 215. Sitzung
219, Protokoll der 218. Sitzung
219, Sonstiger Antrag: Sitzungstermine für das Sommersemester
219, Bericht: Vorsitz
219, Bericht: Anti-Antisemitismusreferat
219, Bericht: Finanzreferat
219, Bericht des Notlagenausschusses
219, Bericht: IT-Referat
219, Bericht: Sozialreferat
219, Bericht: Nicht-Öffentlich: Sozialreferat
219, Bericht: AG Fachrat
219, Verlängerung der Probeflatrate mit dem Völkerkundemuseum (Nachverhandlung)
219, Abwahl der Referent*innen des QSM-Referats wegen mangelhafter Amtsführung
219, Abwahl der kommissarisch amtierenden Mitglieder des QSMA
219, Positionierung: Günstig mit nicht vorhandenem Bus und Bahn
219, Änderungsantrag zum Antrag „Positionierung: Günstig mit nicht vorhandenem Bus und Bahn“: Feststellung zum Deutschlandticket für Studierende erneuern
219, Änderungsantrag: Positionierung: Günstig mit nicht vorhandenem Bus und Bahn
219, Änderungsantrag: Positionierung: Günstig mit nicht vorhandenem Bus und Bahn
219, Änderungsantrag: Positionierung: Günstig mit nicht vorhandenem Bus und Bahn
219, Positionierung: Positionierung des StuRa der Universität Heidelberg gegen die Wehrpflicht
219, Änderungsantrag: Positionierung: Positionierung des StuRa der Universität Heidelberg gegen die Wehrpflicht
219, Positionierung: Die Befreiung vom Faschismus verwirklichen: 8. Mai zum antifaschistischen Feiertag
219, Positionierung: Cooler Merch für die VS
219, Änderungsantrag: Cooler Merch für die VS
219, Aufnahme einer Probe-Flatrate mit dem Museum Haus Cajeth
219, Positionierung: Aufhebung der Ausführungsbestimmung des Finanzreferates gem. § 37 FinO Nr. 01/2025
219, Positionierung: Nein zur Zivilklausel!
219, Positionierung: Ja zur Zivilklausel!
219, Positionierung: Verhandlungsteam für die neuen Räume
219, Positionierung: Licht in den Schatten bringen
219, Positionierung: Unterstützung der DZG-Petition für glutenfreie Verplegung in öffentlichen Einrichtungen
219, Positionierung: Freie Entsendung für die LaStuVe
219, Änderungsantrag: Freie Entsendung für die LaStuVe
219," Änderungsantrag zu Positionierung: ""Freie Entsendung für die LaStuVe"""
219, Positionierung: Antrag zur Positionierung des StuRa zum Thema (preiswertes) studentisches Wohnen - innerhalb und außerhalb von Wohnheimen (des StuWe=
219, Positionierung: Für Eigeninteressen der VS eintreten; FS-Räume fördern
219, Satzungsänderung: Geschäftsordnung des StuRa
219, Änderungsantrag zur Änderung der GeschO-StuRa
219, Kandidatur: Mitglied der Vertretungsversammlung des StuWe
219, Kandidatur: QSM-Ausschuss
219, Kandidatur: Referat für Internationale Studierende
219," Kandidatur: Inter*, Trans*, Frauen und Non- Binary Referat"
219, Kandidatur: Mitglied der Vertretungsversammlung des StuWe
219, Kandidatur: Schlichtungskommission
219, Kandidatur: Lehramtsreferat
219, Kandidatur: QSM-Ausschuss
219, Kandidatur: Stellvertretung des universitären Transferbeirat
219, Kandidatur: StuWe-Referat
219, Kandidatur: HSE-Rat
219, Kandidatur: AI Board
219, Kandidatur: Referat für IT und Infrastruktur
219, Kandidatur: Finanzreferat
219, Kandidatur: Finanzreferat nach LHG
219, Kandidatur: Finanzreferat nach LHG
219, Kandidatur: Haushalts- und Finanzausschuss des StuRa
222, Eröffnung der Sitzung
222, Beschluss der Tagesordnung
222, Protokoll der 215. Sitzung
222, Nicht-öffentliches Protokoll der 217. Sitzung
222, Protokoll der 220. Sitzung
222, Protokoll der 221. Sitzung
222, Bericht: Vorsitz
222, Bericht: Vorsitz
222, Bericht: Vorsitz & ITI-Referat
222, Bericht: IT Referat
222, Bericht: Beschluss der SchliKo
222, Bericht: Kulturreferat
222, Diskussion: Designierten Landtagsabgeordneten Florian Kollmann in den StuRa einladen
222," Diskussion: Rücksprache zum Termin der Urabstimmung, StuRa-Wahl & Fachschaftsratswahlen im SoSe 2026"
222, Verfahrensantrag: Diskussion und Beschluss der Themen für den Besuch der Rektorin
222, Verlängerung der Probeflatrate mit dem Völkerkundemuseum (Nachverhandlung)
222, Finanzierung der Trikots für das Winckelmann Cup-Team der Fachschaft KlArchoByz
222, Finanzielle Unterstützung der Naturwissenschaftsbälle 2026
222, Juraball 2026
222, Kandidatur: Finanzreferat
222, Kandidatur: Gremien- und Innenreferat
222, Kandidatur: Stellvertreter der Mitglieder der Vertretungsversammlung des StuWe
222, Kandidatur: Referat für IT und Infrastruktur
222, Kandidatur: Referat für politische Bildung
222, Kandidatur: Rektoratskommission Partnerschaftliches Verhalten
222, Kandidatur: Schlichtungskommission
222, Kandidatur: Senatausschuss zur Überprüfung einer Ehrensenatorwürde
222, Kandidatur: VS-Mitglied im Senat
222, Kandidatur: Universitätsrat
222, Kandidatur: IT´s FuN Referat
222, Kandidatur: Haushalts- und Finanzausschuss des StuRa
222, Kandidatur: QSM-Ausschuss
222, Kandidatur: Referat für Internationale Studierende
222," Kandidatur: Inter*, Trans*, Frauen und Non- Binary Referat"
222, Kandidatur Notlagenausschuss
222, Kandidatur: Mitglied der Vertretungsversammlung des StuWe
222, Positionierung: Die Befreiung vom Faschismus verwirklichen: 8. Mai zum antifaschistischen Feiertag
222, Positionierung: Cooler Merch für die VS
222, Änderungsantrag: Cooler Merch für die VS
222, Aufnahme einer Probe-Flatrate mit dem Museum Haus Cajeth
222, Positionierung: Aufhebung der Ausführungsbestimmung des Finanzreferates gem. § 37 FinO Nr. 01/2025
222, Positionierung: Nein zur Zivilklausel!
222, Positionierung: Ja zur Zivilklausel!
222, Positionierung: Verhandlungsteam für die neuen Räume
222, Positionierung: Licht in den Schatten bringen
222, Positionierung: Unterstützung der DZG-Petition für glutenfreie Verplegung in öffentlichen Einrichtungen
222, Positionierung: Antrag zur Positionierung des StuRa zum Thema (preiswertes) studentisches Wohnen - innerhalb und außerhalb von Wohnheimen (des StuWe=
222, Satzungsänderung: Wahlordnung
222, Satzungsänderung: Geschäftsordnung des StuRa
222, Änderungsantrag zur Änderung der GeschO-StuRa
222, Änderung der Satzung der Studienfachschaft American Studies
223, Eröffnung der Sitzung
223, Beschluss der Tagesordnung
223, Sonstiger Antrag: GO-Antrag auf Aufnahme eines Antrags auf die TO: Unterstützung der Stellungnahme der SRK Sachsen-Anhalt zum Antrag der Fraktion AfD im Landtag Sachsen-Anhalt
223, Protokoll der 215. Sitzung
223, Protokoll der 221. Sitzung
223, Protokoll der 222. Sitzung
223, Sonstiger Antrag: Termin: Sozialsprechstunde ab nächster Woche freitags von 16 - 19 Uhr!
223, Bericht: Vorsitz
223, Bericht: Kulturreferat
223, Bericht: Referat für hochschulpolitische Vernetzung
223, Bericht: Stuwe-Referat
223, Bericht: IT-Referat
223, Bericht AG Fachrat
223, Finanzielle Unterstützung der Naturwissenschaftsbälle 2026
223, Juraball 2026
223, Änderungsantrag: Förderung der Deutschsprachigen Debattiermeisterschaft 2026
223, Verlesung der Kandidaturen
223, Kandidatur: StuWe-Referat
223," Kandidatur: Notlagenausschuss, stellv. Mitglied"
223, Kandidatur: Mitglied Transferbeirat
223, Kandidatur: Finanzreferat
223, Kandidatur: Gremien- und Innenreferat
223, Kandidatur: Stellvertreter der Mitglieder der Vertretungsversammlung des StuWe
223, Kandidatur: Referat für IT und Infrastruktur
223, Kandidatur: Referat für politische Bildung
223, Kandidatur: Rektoratskommission Partnerschaftliches Verhalten
223," Kandidatur: Rektoratskommission Partnerschaftliches Verhalten, stellvertretendes Mitglied"
223, Kandidatur: Schlichtungskommission
223, Kandidatur: Senatausschuss zur Überprüfung einer Ehrensenatorwürde
223," Kandidatur: Senatsausschuss zur Überprüfung einer Ehrensenatorenschaft, stellvertretendes Mitglied"
223, Kandidatur: VS-Mitglied im Senat
223," Kandidatur: VS-Mitglied im Senat, stellvertretendes Mitglied"
223, Kandidatur: Universitätsrat
223, Kandidatur: IT´s FuN Referat
223, Positionierung: Die Befreiung vom Faschismus verwirklichen: 8. Mai zum antifaschistischen Feiertag
223, Änderungsantrag: Zivilklausel nicht (hier) fordern und Text kürzen
223, Änderungsantrag: Die Befreiung vom Faschismus verwirklichen: 8. Mai zum antifaschistischen Feiertag
223, Aufnahme einer Probe-Flatrate mit dem Museum Haus Cajeth
223, Positionierung: Licht in den Schatten bringen
223, Positionierung: Unterstützung der DZG-Petition für glutenfreie Verplegung in öffentlichen Einrichtungen
223, Positionierung: Antrag zur Positionierung des StuRa zum Thema (preiswertes) studentisches Wohnen - innerhalb und außerhalb von Wohnheimen (des StuWe=
223, Satzungsänderung: Geschäftsordnung des StuRa
223, Änderungsantrag zur Änderung der GeschO-StuRa
223, Änderung der Satzung der Studienfachschaft American Studies
223, Satzungsänderung: Wahlordnung
224, Eröffnung der Sitzung
224, Beschluss der Tagesordnung
224, Protokoll der 215. Sitzung
224, Protokoll der 222. Sitzung
224, Protokoll der 223. Sitzung
224, Termin: Verkürzte Sozialsprechstunde
224, Bericht: Wahlkommission
224, 1. Bericht des autonomen Enthinderungsreferats SoSe 2026
224, Bericht: Vorsitz
224, Änderung der Satzung der Studienfachschaft American Studies
224, Änderungsantrag: Änderung der Satzung der Studienfachschaft American Studies
224, Satzungsänderung: OrgS § 42 Autonome Referate
224, Förderung zweier Open-Air-Kinoevents im Sommersemester 2026
224, Kandidatur: Enthinderungsreferat
224, Kandidatur: StuWe-Verwaltungsrat
224, Kandidatur: StuWe-Referat
224," Kandidatur: Notlagenausschuss, stellv. Mitglied"
224, Kandidatur: Mitglied Transferbeirat
224, Kandidatur: VS-Mitglied im Senat
224, Aufnahme einer Probe-Flatrate mit dem Museum Haus Cajeth
224, Positionierung: Licht in den Schatten bringen
224, Positionierung: Unterstützung der DZG-Petition für glutenfreie Verplegung in öffentlichen Einrichtungen
224, Positionierung: Antrag zur Positionierung des StuRa zum Thema (preiswertes) studentisches Wohnen - innerhalb und außerhalb von Wohnheimen (des StuWe=
224, Positionierung: Unterstützung der Stellungnahme der SRK Sachsen-Anhalt zum Antrag der Fraktion AfD im Landtag Sachsen-Anhalt
224, Positionierung: Psychische Gesundheit von Studierenden besser unterstützen
224, Verfahrensantrag: Diskussion über Verhandlungsstand bezüglich der Fachratswahlen
224, Satzungsänderung: Wahlordnung
224, Änderungsantrag: Änderungsantrag zur WahlO
224, Satzungsänderung: Aufwandsentschädigungsordnung (AEO)
224, Satzungsänderung: AEO - einige Korrekturen & Verbesserungen
224, Satzungsänderung: Finanzordnung – Kleine Änderungen an Projekten nicht mehr in den StuRa zwingen
224, Satzungsänderung: GeschO StuRa – Redezeit-GO-Schlachten eindämmen
224, Satzungsänderung: Aufwandsentschädigungsordnung § 6 Entschädigung der Referenten
224, Änderungsantrag: Änderung der GeschO StuRa
224, Änderungsantrag: Satzungsänderung: GeschO-StuRa
225, Eröffnung der Sitzung
225, Beschluss der Tagesordnung
225, Sonstiger Antrag: Antrag auf Aufnahme eines zusätzlichen Tagesordnungspunktes
225, Protokoll der 215. Sitzung
225, Protokoll der 222. Sitzung
225, Protokoll der 223. Sitzung
225, Termin: Verkürzte Sozialsprechstunde
225, IFaFlu am 26.06.2026
225, Terminankündigung: DES am 12.06.
225, Sonstiger Antrag: Abwahl von Mitgliedern des StuRa-Präsidiums wegen mangelhafter Amtsführung gemäß § 36 Abs. 2 WahlO
225, Bericht: Vorsitz
225, Bericht: Vorsitz
225, Bericht: Wahlkommission
225, 1. Bericht des autonomen Enthinderungsreferats SoSe 2026
225, Bericht: IT’s FuN
225, Bericht: QSM-Taskforce
225, Änderungsantrag: Änderungantrag: Änderung der Satzung der Studienfachschaft American Studies
225, Änderung der Satzung der Studienfachschaft American Studies
225, Änderungsantrag: Änderung der Satzung der Studienfachschaft American Studies
225, Satzungsänderung: OrgS § 42 Autonome Referate
225, Satzungsänderung: Organisationssatzung (OrgS)
225, Satzungsänderung: Satzung der Studienfachschaft Technische Informatik
225, Finanzierung des DigitalHealth Summit 2026 in Heidelberg
225, Förderung zweier Open-Air-Kinoevents im Sommersemester 2026
225, Kandidatur: Enthinderungsreferat
225, Kandidatur: StuWe-Verwaltungsrat
225, Kandidatur: StuWe-Referat
225," Kandidatur: Notlagenausschuss, stellv. Mitglied"
225, Kandidatur: Mitglied Transferbeirat
225, Kandidatur: VS-Mitglied im Senat
225, Aufnahme einer Probe-Flatrate mit dem Museum Haus Cajeth
225, Positionierung: Licht in den Schatten bringen
225, Positionierung: Unterstützung der DZG-Petition für glutenfreie Verplegung in öffentlichen Einrichtungen
225, Positionierung: Antrag zur Positionierung des StuRa zum Thema (preiswertes) studentisches Wohnen - innerhalb und außerhalb von Wohnheimen (des StuWe=
225, Positionierung: Unterstützung der Stellungnahme der SRK Sachsen-Anhalt zum Antrag der Fraktion AfD im Landtag Sachsen-Anhalt
225, Positionierung: Psychische Gesundheit von Studierenden besser unterstützen
225, Verfahrensantrag: Diskussion über Verhandlungsstand bezüglich der Fachratswahlen
225, Positionierung: Beschluss des Textes “Übersicht der Sach- und Rechtslage zur Urabstimmung zum Semesterticket”
225, Satzungsänderung: Wahlordnung
225, Änderungsantrag: Änderungsantrag zur WahlO
225, Satzungsänderung: Aufwandsentschädigungsordnung (AEO)
225, Satzungsänderung: AEO - einige Korrekturen & Verbesserungen
225, Satzungsänderung: Finanzordnung – Kleine Änderungen an Projekten nicht mehr in den StuRa zwingen
225, Satzungsänderung: GeschO StuRa – Redezeit-GO-Schlachten eindämmen
225, Satzungsänderung: Aufwandsentschädigungsordnung § 6 Entschädigung der Referenten
225, Satzungsänderung: Geschäftsordnung des StuRa
225, Änderungsantrag: Satzungsänderung: Geschäftsordnung des StuRa (der von Theo)
225, Änderungsantrag: Satzungsänderung: Geschäftsordnung des StuRa (der von Theo)
225, Satzungsänderung: AEO
225, Satzungsänderung: GeschO-StuRa
225, Ersatztermin für die 224. Sitzung am 12.05.26
215, Eröffnung der Sitzung
215, Kandidatur für das Präsidium
215, Kandidatur für das Präsidium
215, Kandidatur für das Präsidium
215, Kandidatur für das Präsidium
215, Kandidatur für das Präsidium
215, Kandidatur für das Präsidium
215, Kandidatur für das Präsidium
215, Spontankandidatur
215, Beschluss der Tagesordnung
215, Kandidatur für die Schlichtungskommission
215, Kandidatur für das Finanzreferat
215, Kandidatur für das Referat für Internationale Studierende
215, Kandidatur für den Arbeitskreis Bürgerbeteiligung
215, Kandidatur für das Referat für Verkehr und Kommunales
215, Kandidatur für das Referat für Verkehr und Kommunales
215, Kandidatur für das Lehramtsreferat
215, Kandidatur für AK Bürgerbeteiligun
215, Kandidaturen Wahlkommission
215, Bergheim Bolzt finanzieren! - Damit gemeinsamer Fakultätssport mit Studierenden und  Dozierenden möglich und für alle Studierenden zugänglich bleibt
215, Förderung der Deutschsprachige Debattiermeistschaft 2026
215, Bitte um finanzielle Förderung der ersten fachübergreifenden Konferenz der Tschecho-Slowakischen Gemeinschaft der Uni HD
215, : Konzerte des Anglistenchor
215, Finanzierung des PhiloHisto-Sommerfestes in der Altstadt
215, Unterstützung der “Disco Ergo Sum 5.0”
215, Finanzierung TEDxHeidelberg
215, Sammelfinanzantrag für die Erstsemester und Wechsler:innenfahrt der Fachschaft Theologie im Februar 2026
215, Finanzielle Unterstützung der Naturwissenschaftsbälle 2026
215," Lesung ""Politische Geborgenheit. Vor*ankommen in sozialen Bewegungen"" von Clara Tempel"
215," Filmabend ,,The Dupes“"
215, Förderung des 37. Heidelberger Symposiums unter dem Titel “krisenFest ?!”
215, Unterstützung der Filmvorführungen des Studentischen Filmclubs Heidelberg im WiSe25/26
215, Nachträgliche Unterstützung der Filmvorführungen des Studentischen Filmclubs Heidelberg im SoSe25
215, Finanzantrag zur Förderung der 35. Tagung für Computerlinguistik-Studierende (TaCoS) 2026 in Heidelberg
215," Übernahme der Mietkosten von Filmtechnik, ausgeliehen bei MBF Filmtechnik Frankfurt, für ein Projekt des studentischen Filmkreises Heidelberg"
215, Entsendung 12 FSler (VWL) zur Bundes-Fachschaften-Konferenz
215, Bericht: Vorsitz
215, Gründung einer neuen Fachschaft: Iberoamerikanische Studien
215, Satzungsänderung: zwei Vergleichsangebote reichen auch
215, Positionierung: Gegen Beitragserhöhungen
215, Änderungsantrag: Gegen Beitragserhöhungen
215, Änderungsantrag: Positionierung: Gegen Beitragserhöhung
215, Positionierung: Mehr Digitalisierung für Fachschaften wagen
215, Positionierung: Günstig mit nicht vorhandenem Bus und Bahn
215, Änderungsantrag zum Antrag „Positionierung: Günstig mit nicht vorhandenem Bus und Bahn“: Feststellung zum Deutschlandticket für Studierende erneuern
215, Änderungsantrag: Positionierung: Günstig mit nicht vorhandenem Bus und Bahn
215, Änderungsantrag: Positionierung: Günstig mit nicht vorhandenem Bus und Bahn
215, Änderungsantrag: Positionierung: Günstig mit nicht vorhandenem Bus und Bahn
215, Positionierung: Positionierung des StuRa der Universität Heidelberg gegen die Wehrpflicht
215, Änderungsantrag: Positionierung: Positionierung des StuRa der Universität Heidelberg gegen die Wehrpflicht
215, Positionierung: Auch antislawischer Rassismus ist Rassismus!
215, Positionierung: Die Befreiung vom Faschismus verwirklichen: 8. Mai zum antifaschistischen Feiertag
215, Positionierung: Cooler Merch für die VS
215, Änderungsantrag: Cooler Merch für die VS
215, Aufnahme einer Probe-Flatrate mit dem Museum Haus Cajeth
215, Positionierung: Aufhebung der Ausführungsbestimmung des Finanzreferates gem. § 37 FinO Nr. 01/2025
215, Positionierung: Nein zur Zivilklausel!
215, Positionierung: Ja zur Zivilklausel!
215, Positionierung: Verhandlungsteam für die neuen Räume
215, Positionierung: Webauftritt neu gestalten
220, Eröffnung der Sitzung
220, Beschluss der Tagesordnung
220, Protokoll der 213. Sitzung
220, Protokoll der 214. Sitzung
220, Protokoll der 215. Sitzung
220, Nicht-öffentliches Protokoll der 217. Sitzung
220, Protokoll der 218. Sitzung
220, Nicht-öffentliches Protokoll der 218. Sitzung
220, Protokoll der 219. Sitzung
220, Sonstiger Antrag: Sitzungstermine für das Sommersemester
220, Bericht: Vorsitz
220, Bericht: Anti-Antisemitismusreferat
220, Bericht: Finanzreferat
220, Bericht des Notlagenausschusses
220, Bericht: IT-Referat
220, Bericht: Sozialreferat
220, Bericht: Nicht-Öffentlich: Sozialreferat
220, Bericht: AG Fachrat
220, Bericht Queer-Referat
220, Verlängerung der Probeflatrate mit dem Völkerkundemuseum (Nachverhandlung)
220, Abwahl der Referent*innen des QSM-Referats wegen mangelhafter Amtsführung
220, Abwahl der kommissarisch amtierenden Mitglieder des QSMA
220, Positionierung: Auflösung des VSB - Büro für Studienplatztausch
220, Positionierung: Für Eigeninteressen der VS eintreten; FS-Räume fördern
220, Positionierung: Freie Entsendung für die LaStuVe
220, Änderungsantrag: Freie Entsendung für die LaStuVe
220," Änderungsantrag zu Positionierung: ""Freie Entsendung für die LaStuVe"""
220, Positionierung: Günstig mit nicht vorhandenem Bus und Bahn
220, Änderungsantrag zum Antrag „Positionierung: Günstig mit nicht vorhandenem Bus und Bahn“: Feststellung zum Deutschlandticket für Studierende erneuern
220, Änderungsantrag: Positionierung: Günstig mit nicht vorhandenem Bus und Bahn
220, Änderungsantrag: Positionierung: Günstig mit nicht vorhandenem Bus und Bahn
220, Änderungsantrag: Positionierung: Günstig mit nicht vorhandenem Bus und Bahn
220, Positionierung: Positionierung des StuRa der Universität Heidelberg gegen die Wehrpflicht
220, Änderungsantrag: Positionierung: Positionierung des StuRa der Universität Heidelberg gegen die Wehrpflicht
220, Positionierung: Die Befreiung vom Faschismus verwirklichen: 8. Mai zum antifaschistischen Feiertag
220, Positionierung: Cooler Merch für die VS
220, Änderungsantrag: Cooler Merch für die VS
220, Aufnahme einer Probe-Flatrate mit dem Museum Haus Cajeth
220, Positionierung: Aufhebung der Ausführungsbestimmung des Finanzreferates gem. § 37 FinO Nr. 01/2025
220, Positionierung: Nein zur Zivilklausel!
220, Positionierung: Ja zur Zivilklausel!
220, Positionierung: Verhandlungsteam für die neuen Räume
220, Positionierung: Licht in den Schatten bringen
220, Positionierung: Unterstützung der DZG-Petition für glutenfreie Verplegung in öffentlichen Einrichtungen
220, Positionierung: Antrag zur Positionierung des StuRa zum Thema (preiswertes) studentisches Wohnen - innerhalb und außerhalb von Wohnheimen (des StuWe=
220, Verkündung
220, Kandidatur: Mitglied der Vertretungsversammlung des StuWe
220, Kandidatur: QSM-Ausschuss
220, Kandidatur: Referat für Internationale Studierende
220," Kandidatur: Inter*, Trans*, Frauen und Non- Binary Referat"
220, Kandidatur Notlagenausschuss
220, Satzungsänderung: Geschäftsordnung des StuRa
220, Änderungsantrag zur Änderung der GeschO-StuRa
220, Kandidatur: Mitglied der Vertretungsversammlung des StuWe
220, Kandidatur: StuWe-Referat
220, Kandidatur: Referat für IT und Infrastruktur
220, Kandidatur: Schlichtungskommission
220, Kandidatur: Lehramtsreferat
220, Kandidatur: QSM-Ausschuss
220, Kandidatur: Stellvertretung des universitären Transferbeirat
220, Kandidatur: HSE-Rat
220, Kandidatur: AI Board
220, Kandidatur: Finanzreferat
220, Kandidatur: Finanzreferat nach LHG
220, Kandidatur: Finanzreferat nach LHG
220, Kandidatur: Haushalts- und Finanzausschuss des StuRa
221, Eröffnung der Sitzung
221, Beschluss der Tagesordnung
221, Bericht: Vorsitz
221, Bericht: Vorsitz
221, Aberkennung der Ehrensenatorschaft von Henry Jarecki und lückenlose Aufarbeitung seines Einflusses an der Universität Heidelberg
221, Änderungsantrag: Aberkennung der Ehrensenatorschaft von Henry Jarecki und lückenlose Aufarbeitung seines Einflusses an der Universität Heidelberg
221, Sonstiges: Aufforderung zur Kandidatur für den Vorschlag/die Vorschläge der VS für das studentische Mitglied im Universitätsrat
221, Sonstiges: Wahltermin im Sommersemester
221, Forderung an Senat
